id,date,time,height_rel,height_abs,water_level
1,2022/1/1,03:21,-157,22,L
2,2022/1/1,09:44,128,307,H
3,2022/1/1,16:01,-86,92,L
4,2022/1/1,21:32,107,285,H
5,2022/1/2,04:20,-168,10,L
6,2022/1/2,10:38,138,316,H
7,2022/1/2,16:59,-86,93,L
8,2022/1/2,22:21,110,288,H
9,2022/1/3,05:14,-175,3,L
10,2022/1/3,11:28,142,321,H
11,2022/1/3,17:46,-86,93,L
12,2022/1/3,23:10,112,291,H
13,2022/1/4,06:03,-178,1,L
14,2022/1/4,12:14,142,320,H
15,2022/1/4,18:32,-87,91,L
16,2022/1/4,23:57,112,291,H
17,2022/1/5,06:50,-175,4,L
18,2022/1/5,12:59,137,316,H
19,2022/1/5,19:17,-89,90,L
20,2022/1/6,00:46,109,287,H
21,2022/1/6,07:34,-167,11,L
22,2022/1/6,13:44,130,309,H
23,2022/1/6,20:03,-91,88,L
24,2022/1/7,01:36,102,281,H
25,2022/1/7,08:19,-154,24,L
26,2022/1/7,14:30,121,299,H
27,2022/1/7,20:50,-93,86,L
28,2022/1/8,02:30,92,270,H
29,2022/1/8,09:06,-137,42,L
30,2022/1/8,15:19,109,288,H
31,2022/1/8,21:42,-94,84,L
32,2022/1/9,03:29,80,258,H
33,2022/1/9,09:57,-116,63,L
34,2022/1/9,16:11,96,27,H
35,2022/1/9,22:41,-95,83,L
36,2022/1/10,04:35,69,247,H
37,2022/1/10,10:56,-95,84,L
38,2022/1/10,17:09,84,262,H
39,2022/1/10,23:48,-98,81,L
40,2022/1/11,05:50,62,240,H
41,2022/1/11,12:03,-77,101,L
42,2022/1/11,18:10,74,252,H
43,2022/1/12,00:58,-104,74,L
44,2022/1/12,07:12,64,243,H
45,2022/1/12,13:15,-67,112,L
46,2022/1/12,19:13,68,247,H
47,2022/1/13,02:01,-113,66,L
48,2022/1/13,08:24,74,252,H
49,2022/1/13,14:25,-64,114,L
50,2022/1/13,20:11,67,245,H
51,2022/1/14,02:56,-122,56,L
52,2022/1/14,09:21,86,265,H
53,2022/1/14,15:22,-67,112,L
54,2022/1/14,21:01,69,247,H
55,2022/1/15,03:45,-132,46,L
56,2022/1/15,10:07,98,276,H
57,2022/1/15,16:09,-71,108,L
58,2022/1/15,21:43,73,252,H
59,2022/1/16,04:27,-140,38,L
60,2022/1/16,10:45,107,285,H
61,2022/1/16,16:48,-75,103,L
62,2022/1/16,22:20,79,257,H
63,2022/1/17,05:05,-147,31,L
64,2022/1/17,11:18,114,292,H
65,2022/1/17,17:23,-79,99,L
66,2022/1/17,22:53,85,264,H
67,2022/1/18,05:40,-152,26,L
68,2022/1/18,11:49,118,297,H
69,2022/1/18,17:55,-83,96,L
70,2022/1/18,23:25,92,270,H
71,2022/1/19,06:12,-155,24,L
72,2022/1/19,12:19,121,300,H
73,2022/1/19,18:25,-87,91,L
74,2022/1/19,23:57,97,276,H
75,2022/1/20,06:43,-155,24,L
76,2022/1/20,12:50,123,301,H
77,2022/1/20,18:56,-92,87,L
78,2022/1/21,00:31,102,280,H
79,2022/1/21,07:12,-152,26,L
80,2022/1/21,13:21,124,302,H
81,2022/1/21,19:28,-97,81,L
82,2022/1/22,01:09,104,282,H
83,2022/1/22,07:43,-148,31,L
84,2022/1/22,13:55,124,302,H
85,2022/1/22,20:03,-103,75,L
86,2022/1/23,01:51,104,282,H
87,2022/1/23,08:18,-140,38,L
88,2022/1/23,14:33,122,300,H
89,2022/1/23,20:42,-109,70,L
90,2022/1/24,02:39,101,279,H
91,2022/1/24,08:59,-128,50,L
92,2022/1/24,15:16,117,295,H
93,2022/1/24,21:28,-113,65,L
94,2022/1/25,03:35,95,274,H
95,2022/1/25,09:50,-112,67,L
96,2022/1/25,16:06,108,287,H
97,2022/1/25,22:20,-117,62,L
98,2022/1/26,04:14,90,268,H
99,2022/1/26,10:50,-93,86,L
100,2022/1/26,17:04,99,277,H
101,2022/1/26,23:22,-120,59,L
102,2022/1/27,05:56,88,266,H
103,2022/1/27,12:03,-76,103,L
104,2022/1/27,18:07,91,269,H
105,2022/1/28,00:36,-125,53,L
106,2022/1/28,07:17,94,272,H
107,2022/1/28,13:25,-66,113,L
108,2022/1/28,19:13,88,266,H
109,2022/1/29,01:55,-134,45,L
110,2022/1/29,08:32,106,285,H
111,2022/1/29,14:54,-65,114,L
112,2022/1/29,20:19,91,269,H
113,2022/1/30,03:09,-146,33,L
114,2022/1/30,09:37,121,299,H
115,2022/1/30,15:53,-70,108,L
116,2022/1/30,21:19,99,277,H
117,2022/1/31,04:14,-157,21,L
118,2022/1/31,10:32,132,310,H
119,2022/1/31,16:50,-78,101,L
120,2022/1/31,22:14,109,287,H
121,2022/2/1,05:09,-166,13,L
122,2022/2/1,11:19,139,318,H
123,2022/2/1,17:40,-86,93,L
124,2022/2/1,23:00,117,296,H
125,2022/2/2,05:57,-169,9,L
126,2022/2/2,12:02,142,321,H
127,2022/2/2,18:23,-93,85,L
128,2022/2/2,23:50,123,301,H
129,2022/2/3,06:39,-167,12,L
130,2022/2/3,12:41,141,319,H
131,2022/2/3,19:03,-100,78,L
132,2022/2/4,00:34,123,302,H
133,2022/2/4,07:18,-159,20,L
134,2022/2/4,13:19,136,315,H
135,2022/2/4,19:41,-105,73,L
136,2022/2/5,01:19,119,297,H
137,2022/2/5,07:55,-146,33,L
138,2022/2/5,13:58,128,306,H
139,2022/2/5,20:20,-109,70,L
140,2022/2/6,02:06,109,288,H
141,2022/2/6,08:34,-127,51,L
142,2022/2/6,14:38,115,294,H
143,2022/2/6,21:01,-108,70,L
144,2022/2/7,02:56,96,274,H
145,2022/2/7,09:16,-105,73,L
146,2022/2/7,15:21,99,277,H
147,2022/2/7,21:47,-105,74,L
148,2022/2/8,03:52,80,258,H
149,2022/2/8,10:04,-82,96,L
150,2022/2/8,16:09,81,260,H
151,2022/2/8,22:42,-99,79,L
152,2022/2/9,04:57,66,244,H
153,2022/2/9,11:03,-61,118,L
154,2022/2/9,01:06,65,244,H
155,2022/2/9,23:51,-95,84,L
156,2022/2/10,06:17,59,237,H
157,2022/2/10,12:18,-47,132,L
158,2022/2/10,18:11,54,233,H
159,2022/2/11,01:07,-97,82,L
160,2022/2/11,07:44,63,242,H
161,2022/2/11,13:40,-44,135,L
162,2022/2/11,19:20,51,230,H
163,2022/2/12,02:14,-104,74,L
164,2022/2/12,08:52,76,254,H
165,2022/2/12,14:49,-50,129,L
166,2022/2/12,20:24,57,235,H
167,2022/2/13,03:10,-115,63,L
168,2022/2/13,09:42,90,268,H
169,2022/2/13,15:41,-60,119,L
170,2022/2/13,21:15,67,245,H
171,2022/2/14,03:58,-127,51,L
172,2022/2/14,10:21,103,282,H
173,2022/2/14,16:23,-70,109,L
174,2022/2/14,21:56,80,258,H
175,2022/2/15,04:40,-138,40,L
176,2022/2/15,10:54,114,92,H
177,2022/2/15,17:00,-80,99,L
178,2022/2/15,22:33,94,272,H
179,2022/2/16,05:18,-147,32,L
180,2022/2/16,11:24,122,301,H
181,2022/2/16,17:33,-88,90,L
182,2022/2/16,23:06,106,285,H
183,2022/2/17,05:52,-151,27,L
184,2022/2/17,11:53,128,307,H
185,2022/2/17,18:04,-97,82,L
186,2022/2/17,23:40,17,296,H
187,2022/2/18,06:23,-152,26,L
188,2022/2/18,12:22,133,311,H
189,2022/2/18,18:34,-105,73,L
190,2022/2/19,00:14,125,304,H
191,2022/2/19,06:53,-149,29,L
192,2022/2/19,12:51,135,314,H
193,2022/2/19,19:04,-114,64,L
194,2022/2/20,00:51,129,307,H
195,2022/2/20,07:23,-143,36,L
196,2022/2/20,13:23,135,314,H
197,2022/2/20,19:36,-122,56,L
198,2022/2/21,01:32,128,307,H
199,2022/2/21,07:56,-132,47,L
200,2022/2/21,13:58,131,310,H
201,2022/2/21,20:13,-128,50,L
202,2022/2/22,02:19,123,301,H
203,2022/2/22,08:35,-116,63,L
204,2022/2/22,14:38,122,301,H
205,2022/2/22,20:56,-130,48,L
206,2022/2/23,03:12,113,291,H
207,2022/2/23,09:23,-95,84,L
208,2022/2/23,15:26,108,287,H
209,2022/2/23,21:46,-127,52,L
210,2022/2/24,04:16,100,279,H
211,2022/2/24,10:23,-72,106,L
212,2022/2/24,16:25,92,271,H
213,2022/2/24,22:48,-121,58,L
214,2022/2/25,05:35,91,269,H
215,2022/2/25,11:41,-53,125,L
216,2022/2/25,17:36,79,258,H
217,2022/2/26,00:11,-117,62,L
218,2022/2/26,07:03,92,270,H
219,2022/2/26,13:15,-47,132,L
220,2022/2/26,18:54,76,254,H
221,2022/2/27,01:44,-121,58,L
222,2022/2/27,08:25,103,282,H
223,2022/2/27,14:43,-54,124,L
224,2022/2/27,20:10,83,262,H
225,2022/2/28,03:03,-132,47,L
226,2022/2/28,09:30,118,297,H
227,2022/2/28,15:50,-68,111,L
228,2022/2/28,21:16,98,276,H
229,2022/3/1,04:07,-143,35,L
230,2022/3/1,10:22,131,309,H
231,2022/3/1,16:44,-82,96,L
232,2022/3/1,22:11,113,292,H
233,2022/3/2,05:00,-151,27,L
234,2022/3/2,11:04,139,317,H
235,2022/3/2,17:29,-95,84,L
236,2022/3/2,22:58,126,304,H
237,2022/3/3,05:04,-153,25,L
238,2022/3/3,11:42,142,320,H
239,2022/3/3,18:08,-105,73,L
240,2022/3/3,23:40,133,311,H
241,2022/3/4,06:22,-149,30,L
242,2022/3/4,12:16,141,319,H
243,2022/3/4,18:43,-113,65,L
244,2022/3/5,00:21,135,313,H
245,2022/3/5,06:56,-139,39,L
246,2022/3/5,12:49,136,314,H
247,2022/3/5,19:16,-119,60,L
248,2022/3/6,01:01,131,309,H
249,2022/3/6,07:29,-126,53,L
250,2022/3/6,13:23,127,305,H
251,2022/3/6,19:49,-121,58,L
252,2022/3/7,01:42,122,300,H
253,2022/3/7,08:03,-109,70,L
254,2022/3/7,13:57,114,292,H
255,2022/3/7,20:22,-119,59,L
256,2022/3/8,02:26,108,287,H
257,2022/3/8,08:39,-90,89,L
258,2022/3/8,14:33,97,275,H
259,2022/3/8,21:00,-113,66,L
260,2022/3/9,03:14,92,271,H
261,2022/3/9,09:20,-69,109,L
262,2022/3/9,15:15,78,257,H
263,2022/3/9,21:44,-103,76,L
264,2022/3/10,04:10,76,254,H
265,2022/3/10,10:12,-50,128,L
266,2022/3/10,16:05,61,329,H
267,2022/3/10,22:42,-92,87,L
268,2022/3/11,05:21,64,242,H
269,2022/3/11,11:20,-36,142,L
270,2022/3/11,17:10,47,22,H
271,2022/3/12,00:00,-86,93,L
272,2022/3/12,06:47,62,240,H
273,2022/3/12,12:47,-33,145,L
274,2022/3/12,18:26,43,221,H
275,2022/3/13,01:20,-89,90,L
276,2022/3/13,08:05,72,250,H
277,2022/3/13,14:07,-42,137,L
278,2022/3/13,19:40,50,228,H
279,2022/3/14,02:26,-99,79,L
280,2022/3/14,09:01,86,265,H
281,2022/3/14,15:05,-56,123,L
282,2022/3/14,20:40,65,243,H
283,2022/3/15,03:20,-112,66,L
284,2022/3/15,09:42,102,280,H
285,2022/3/15,15:50,-71,108,L
286,2022/3/15,21:27,84,262,H
287,2022/3/16,04:07,-126,53,L
288,2022/3/16,10:17,115,293,H
289,2022/3/16,16:29,-85,94,L
290,2022/3/16,22:07,103,282,H
291,2022/3/17,04:47,-135,43,L
292,2022/3/17,10:48,126,340,H
293,2022/3/17,17:04,-98,81,L
294,2022/3/17,22:44,121,299,H
295,2022/3/18,05:24,-140,38,L
296,2022/3/18,11:18,133,312,H
297,2022/3/18,17:36,-110,69,L
298,2022/3/18,23:20,135,313,H
299,2022/3/19,05:58,-140,39,L
300,2022/3/19,11:48,138,317,H
301,2022/3/19,18:07,-121,57,L
302,2022/3/19,23:56,144,322,H
303,2022/3/20,06:30,-134,44,L
304,2022/3/20,12:18,140,319,H
305,2022/3/20,18:38,-132,47,L
306,2022/3/21,00:35,147,325,H
307,2022/3/21,07:02,-124,54,L
308,2022/3/21,12:50,138,317,H
309,2022/3/21,19:12,-139,39,L
310,2022/3/22,01:17,144,322,H
311,2022/3/22,07:37,-110,68,L
312,2022/3/22,13:25,131,310,H
313,2022/3/22,19:48,-142,36,L
314,2022/3/23,02:03,135,314,H
315,2022/3/23,08:17,-93,86,L
316,2022/3/23,14:06,118,297,H
317,2022/3/23,20:31,-139,40,L
318,2022/3/24,02:57,122,300,H
319,2022/3/24,09:07,-72,107,L
320,2022/3/24,14:55,101,279,H
321,2022/3/24,21:23,-129,49,L
322,2022/3/25,04:03,106,284,H
323,2022/3/25,10:10,-52,127,L
324,2022/3/25,16:00,82,260,H
325,2022/3/25,22:31,-116,63,L
326,2022/3/26,05:25,95,273,H
327,2022/3/26,11:37,-39,139,L
328,2022/3/26,17:21,70,248,H
329,2022/3/27,00:05,-107,71,L
330,2022/3/27,06:56,95,274,H
331,2022/3/27,13:18,-43,136,L
332,2022/3/27,18:48,71,249,H
333,2022/3/28,01:37,-110,68,L
334,2022/3/28,08:14,106,285,H
335,2022/3/28,14:39,-59,120,L
336,2022/3/28,20:07,84,263,H
337,2022/3/29,02:52,-119,59,L
338,2022/3/29,09:14,120,298,H
339,2022/3/29,15:39,-77,101,L
340,2022/3/29,21:11,103,281,H
341,2022/3/30,03:53,-127,51,L
342,2022/3/30,10:01,130,308,H
343,2022/3/30,16:28,-94,84,L
344,2022/3/30,22:03,119,298,H
345,2022/3/31,04:42,-131,47,L
346,2022/3/31,10:41,136,314,H
347,2022/3/31,17:10,-108,71,L
348,2022/3/31,22:48,131,310,H
349,2022/4/1,05:25,-129,50,L
350,2022/4/1,11:16,137,315,H
351,2022/4/1,17:48,-118,61,L
352,2022/4/1,23:28,138,316,H
353,2022/4/2,06:01,-122,57,L
354,2022/4/2,11:47,133,312,H
355,2022/4/2,18:20,-124,55,L
356,2022/4/3,00:05,19,317,H
357,2022/4/3,06:34,-112,67,L
358,2022/4/3,12:18,127,305,H
359,2022/4/3,18:50,-127,51,L
360,2022/4/4,00:43,135,34,H
361,2022/4/4,07:04,-100,79,L
362,2022/4/4,12:48,117,296,H
363,2022/4/4,19:19,-127,51,L
364,2022/4/5,01:20,128,306,H
365,2022/4/5,07:35,-87,92,L
366,2022/4/5,13:18,105,284,H
367,2022/4/5,19:49,-124,54,L
368,2022/4/6,02:00,116,295,H
369,2022/4/6,08:08,-73,106,L
370,2022/4/6,13:51,91,269,H
371,2022/4/6,20:22,-117,61,L
372,2022/4/7,02:43,12,281,H
373,2022/4/7,08:46,-58,120,L
374,2022/4/7,14:29,75,254,H
375,2022/4/7,21:01,-107,72,L
376,2022/4/8,03:33,88,266,H
377,2022/4/8,09:34,-45,134,L
378,2022/4/8,15:16,60,238,H
379,2022/4/8,21:51,-94,84,L
380,2022/4/9,04:34,76,254,H
381,2022/4/9,10:35,-35,143,L
382,2022/4/9,16:19,48,226,H
383,2022/4/9,22:59,-84,94,L
384,2022/4/10,05:48,71,250,H
385,2022/4/10,11:54,-33,145,L
386,2022/4/10,17:36,43,222,H
387,2022/4/11,00:20,-83,96,L
388,2022/4/11,07:02,77,255,H
389,2022/4/11,13:14,-43,136,L
390,2022/4/11,18:53,51,229,H
391,2022/4/12,01:31,-89,89,L
392,2022/4/12,08:02,89,267,H
393,2022/4/12,14:17,-58,121,L
394,2022/4/12,19:58,68,246,H
395,2022/4/13,02:31,-100,78,L
396,2022/4/13,08:49,103,281,H
397,2022/4/13,15:06,-75,103,L
398,2022/4/13,20:51,90,268,H
399,2022/4/14,03:23,-111,67,L
400,2022/4/14,09:29,116,295,H
401,2022/4/14,15:48,-92,86,L
402,2022/4/14,21:36,112,290,H
403,2022/4/15,04:09,-119,59,L
404,2022/4/15,10:05,127,305,H
405,2022/4/15,16:27,-108,70,L
406,2022/4/15,22:17,132,310,H
407,2022/4/16,04:51,-122,57,L
408,2022/4/16,10:38,134,313,H
409,2022/4/16,17:03,-123,55,L
410,2022/4/16,22:58,146,324,H
411,2022/4/17,05:29,-119,60,L
412,2022/4/17,11:11,138,316,H
413,2022/4/17,17:39,-136,43,L
414,2022/4/17,23:38,154,332,H
415,2022/4/18,06:06,-110,68,L
416,2022/4/18,11:44,138,316,H
417,2022/4/18,18:14,-145,34,L
418,2022/4/19,00:20,155,334,H
419,2022/4/19,06:43,-98,80,L
420,2022/4/19,12:19,133,312,H
421,2022/4/19,18:51,-150,29,L
422,2022/4/20,01:05,150,328,H
423,2022/4/20,07:22,-84,94,L
424,2022/4/20,12:58,124,302,H
425,2022/4/20,19:31,-148,31,L
426,2022/4/21,01:54,139,318,H
427,2022/4/21,08:07,-69,110,L
428,2022/4/21,13:43,109,288,H
429,2022/4/21,20:18,-139,39,L
430,2022/4/22,02:50,125,303,H
431,2022/4/22,09:01,-54,125,L
432,2022/4/22,14:39,92,270,H
433,2022/4/22,21:16,-125,53,L
434,2022/4/23,03:58,110,289,H
435,2022/4/23,10:10,-42,136,L
436,2022/4/23,15:51,76,255,H
437,2022/4/23,22:32,-111,68,L
438,2022/4/24,05:18,102,280,H
439,2022/4/24,11:40,-41,138,L
440,2022/4/24,17:16,70,248,H
441,2022/4/25,00:01,-103,76,L
442,2022/4/25,06:40,103,282,H
443,2022/4/25,13:10,-52,126,L
444,2022/4/25,18:42,76,254,H
445,2022/4/26,01:21,-103,76,L
446,2022/4/26,07:50,111,290,H
447,2022/4/26,14:20,-71,107,L
448,2022/4/26,19:58,91,269,H
449,2022/4/27,02:30,-106,73,L
450,2022/4/27,08:46,120,298,H
451,2022/4/27,15:16,-90,88,L
452,2022/4/27,21:00,108,287,H
453,2022/4/28,03:30,-107,71,L
454,2022/4/28,09:32,126,304,H
455,2022/4/28,16:05,-106,72,L
456,2022/4/28,21:51,122,301,H
457,2022/4/29,04:20,-106,72,L
458,2022/4/29,10:12,127,306,H
459,2022/4/29,16:47,-118,61,L
460,2022/4/29,22:35,132,310,H
461,2022/4/30,05:02,-101,78,L
462,2022/4/30,10:42,125,303,H
463,2022/4/30,17:24,-124,54,L
464,2022/4/30,23:14,137,315,H
465,2022/5/1,05:39,-93,85,L
466,2022/5/1,11:18,120,298,H
467,2022/5/1,17:57,-128,51,L
468,2022/5/1,23:51,137,316,H
469,2022/5/2,06:12,-84,94,L
470,2022/5/2,11:47,113,219,H
471,2022/5/2,18:27,-128,50,L
472,2022/5/3,00:26,134,313,H
473,2022/5/3,06:41,-75,103,L
474,2022/5/3,12:16,105,283,H
475,2022/5/3,18:54,-127,51,L
476,2022/5/4,01:02,128,307,H
477,2022/5/4,07:11,-67,111,L
478,2022/5/4,12:46,96,274,H
479,2022/5/4,19:23,-124,55,L
480,2022/5/5,01:39,120,298,H
481,2022/5/5,07:44,-59,119,L
482,2022/5/5,13:18,86,265,H
483,2022/5/5,19:54,-118,61,L
484,2022/5/6,02:20,110,288,H
485,2022/5/6,08:21,-52,127,L
486,2022/5/6,13:56,76,254,H
487,2022/5/6,20:31,-109,69,L
488,2022/5/7,03:05,100,278,H
489,2022/5/7,09:05,-45,133,L
490,2022/5/7,14:42,65,243,H
491,2022/5/7,21:17,-99,79,L
492,2022/5/8,03:58,92,270,H
493,2022/5/8,10:00,-41,137,L
494,2022/5/8,15:43,57,235,H
495,2022/5/8,22:15,-90,89,L
496,2022/5/9,04:58,88,266,H
497,2022/5/9,11:05,-43,136,L
498,2022/5/9,16:53,55,233,H
499,2022/5/9,23:24,-85,93,L
500,2022/5/10,06:01,90,269,H
501,2022/5/10,12:14,-51,128,L
502,2022/5/10,18:05,62,240,H
503,2022/5/11,00:33,-87,92,L
504,2022/5/11,06:59,98,276,H
505,2022/5/11,13:17,-65,113,L
506,2022/5/11,19:11,77,256,H
507,2022/5/12,01:35,-92,87,L
508,2022/5/12,07:51,108,286,H
509,2022/5/12,14:11,-83,96,L
510,2022/5/12,20:10,98,276,H
511,2022/5/13,02:33,-97,82,L
512,2022/5/13,08:37,118,296,H
513,2022/5/13,14:59,-100,78,L
514,2022/5/13,21:02,119,298,H
515,2022/5/14,03:26,-100,79,L
516,2022/5/14,09:18,126,305,H
517,2022/5/14,15:44,-118,61,L
518,2022/5/14,21:51,138,316,H
519,2022/5/15,04:15,-98,80,L
520,2022/5/15,09:58,131,310,H
521,2022/5/15,16:28,-133,46,L
522,2022/5/15,22:37,151,329,H
523,2022/5/16,05:01,-93,86,L
524,2022/5/16,10:36,133,311,H
525,2022/5/16,17:11,-144,35,L
526,2022/5/16,23:22,157,335,H
527,2022/5/17,05:45,-84,94,L
528,2022/5/17,11:15,131,310,H
529,2022/5/17,17:54,-150,28,L
530,2022/5/17,00:08,157,335,H
531,2022/5/18,06:28,-74,104,L
532,2022/5/18,11:55,126,304,H
533,2022/5/18,18:39,-151,27,L
534,2022/5/19,00:57,151,329,H
535,2022/5/19,07:13,-64,114,L
536,2022/5/19,12:40,117,296,H
537,2022/5/19,19:25,-146,32,L
538,2022/5/20,01:48,141,319,H
539,2022/5/20,08:03,-56,123,L
540,2022/5/20,13:32,106,284,H
541,2022/5/20,20:18,-136,42,L
542,2022/5/21,02:45,129,307,H
543,2022/5/21,09:00,-50,129,L
544,2022/5/21,14:34,93,272,H
545,2022/5/21,21:19,-123,55,L
546,2022/5/22,03:49,118,297,H
547,2022/5/22,10:08,-48,131,L
548,2022/5/22,15:46,84,262,H
549,2022/5/22,22:29,-110,69,L
550,2022/5/23,04:59,112,291,H
551,2022/5/23,11:26,-53,125,L
552,2022/5/23,17:05,81,259,H
553,2022/5/23,23:42,-100,79,L
554,2022/5/24,06:09,111,289,H
555,2022/5/24,12:42,-66,112,L
556,2022/5/24,18:24,86,264,H
557,2022/5/25,00:53,-93,86,L
558,2022/5/25,07:13,113,291,H
559,2022/5/25,13:48,-83,96,L
560,2022/5/25,19:38,97,275,H
561,2022/5/26,02:00,-88,91,L
562,2022/5/26,08:09,115,294,H
563,2022/5/26,14:45,-99,80,L
564,2022/5/26,20:42,110,288,H
565,2022/5/27,03:01,-81,95,L
566,2022/5/27,08:57,116,294,H
567,2022/5/27,15:35,-111,68,L
568,2022/5/27,21:35,121,300,H
569,2022/5/28,03:54,-80,99,L
570,2022/5/28,09:40,114,293,H
571,2022/5/28,16:19,-119,59,L
572,2022/5/28,22:20,129,307,H
573,2022/5/29,04:39,-75,104,L
574,2022/5/29,10:17,110,289,H
575,2022/5/29,16:59,-123,55,L
576,2022/5/29,23:01,133,311,H
577,2022/5/30,05:18,-69,110,L
578,2022/5/30,10:50,105,284,H
579,2022/5/30,17:35,-125,54,L
580,2022/5/30,23:37,133,311,H
581,2022/5/31,05:52,-63,115,L
582,2022/5/31,11:21,100,279,H
583,2022/5/31,18:07,-125,54,L
584,2022/6/1,00:12,131,310,H
585,2022/6/1,06:22,-59,120,L
586,2022/6/1,11:51,96,275,H
587,2022/6/1,18:36,-123,55,L
588,2022/6/2,00:47,128,306,H
589,2022/6/2,06:52,-55,123,L
590,2022/6/2,12:22,92,271,H
591,2022/6/2,19:05,-121,58,L
592,2022/6/3,01:22,123,302,H
593,2022/6/3,07:24,-53,125,L
594,2022/6/3,12:55,88,267,H
595,2022/6/3,19:36,-117,62,L
596,2022/6/4,01:59,118,296,H
597,2022/6/4,08:00,-52,126,L
598,2022/6/4,13:34,84,262,H
599,2022/6/4,20:11,-111,67,L
600,2022/6/5,02:39,113,291,H
601,2022/6/5,08:41,-52,126,L
602,2022/6/5,14:19,79,257,H
603,2022/6/5,20:52,-105,74,L
604,2022/6/6,03:24,109,288,H
605,2022/6/6,09:28,-54,125,L
606,2022/6/6,15:13,75,254,H
607,2022/6/6,21:41,-97,81,L
608,2022/6/7,04:14,107,285,H
609,2022/6/7,10:21,-58,121,L
610,2022/6/7,16:15,75,254,H
611,2022/6/7,22:38,-91,87,L
612,2022/6/8,05:08,107,286,H
613,2022/6/8,11:18,-65,113,L
614,2022/6/8,17:20,80,259,H
615,2022/6/8,23:39,-87,92,L
616,2022/6/9,06:03,110,288,H
617,2022/6/9,12:16,-77,101,L
618,2022/6/9,18:26,91,270,H
619,2022/6/10,00:42,-84,95,L
620,2022/6/10,06:56,114,292,H
621,2022/6/10,13:13,-92,86,L
622,2022/6/10,19:30,106,285,H
623,2022/6/11,01:44,-81,97,L
624,2022/6/11,07:47,118,297,H
625,2022/6/11,14:09,-108,71,L
626,2022/6/11,20:31,124,302,H
627,2022/6/12,02:46,-78,101,L
628,2022/6/12,08:35,122,301,H
629,2022/6/12,15:03,-123,55,L
630,2022/6/12,21:27,139,318,H
631,2022/6/13,03:44,-74,105,L
632,2022/6/13,09:22,125,303,H
633,2022/6/13,15:58,-135,43,L
634,2022/6/13,22:20,150,329,H
635,2022/6/14,04:38,-69,110,L
636,2022/6/14,10:08,126,304,H
637,2022/6/14,16:52,-144,34,L
638,2022/6/14,23:11,156,334,H
639,2022/6/15,05:30,-64,115,L
640,2022/6/15,10:54,126,304,H
641,2022/6/15,17:44,-149,30,L
642,2022/6/16,00:00,156,334,H
643,2022/6/16,06:19,-60,118,L
644,2022/6/16,11:41,123,302,H
645,2022/6/16,18:35,-149,30,L
646,2022/6/17,00:50,152,330,H
647,2022/6/17,07:08,-58,121,L
648,2022/6/17,12:32,119,298,H
649,2022/6/17,19:25,-144,34,L
650,2022/6/18,01:40,145,324,H
651,2022/6/18,07:59,-58,121,L
652,2022/6/18,13:26,113,292,H
653,2022/6/18,20:17,-135,43,L
654,2022/6/19,02:33,137,316,H
655,2022/6/19,08:52,-59,119,L
656,2022/6/19,14:26,106,285,H
657,2022/6/19,21:11,-123,56,L
658,2022/6/20,03:28,129,308,H
659,2022/6/20,09:50,-63,115,L
660,2022/6/20,15:32,100,278,H
661,2022/6/20,22:09,-108,70,L
662,2022/6/21,04:26,121,300,H
663,2022/6/21,10:54,-70,109,L
664,2022/6/21,16:41,95,273,H
665,2022/6/21,23:10,-92,86,L
666,2022/6/22,05:26,115,293,H
667,2022/6/22,12:01,-78,100,L
668,2022/6/22,17:55,93,272,H
669,2022/6/23,00:15,-77,101,L
670,2022/6/23,06:26,109,288,H
671,2022/6/23,13:06,-89,90,L
672,2022/6/23,19:10,98,276,H
673,2022/6/24,01:23,-66,112,L
674,2022/6/24,07:25,105,283,H
675,2022/6/24,14:07,-99,79,L
676,2022/6/24,20:18,106,284,H
677,2022/6/25,02:28,-60,119,L
678,2022/6/25,08:19,102,280,H
679,2022/6/25,15:01,-108,71,L
680,2022/6/25,21:17,115,294,H
681,2022/6/26,03:27,-56,122,L
682,2022/6/26,09:07,99,277,H
683,2022/6/26,15:51,-114,65,L
684,2022/6/26,22:05,123,301,H
685,2022/6/27,04:16,-55,124,L
686,2022/6/27,09:50,97,275,H
687,2022/6/27,16:35,-118,61,L
688,2022/6/27,22:48,128,306,H
689,2022/6/28,04:57,-53,125,L
690,2022/6/28,10:27,96,274,H
691,2022/6/28,17:14,-120,58,L
692,2022/6/28,23:25,130,309,H
693,2022/6/29,05:33,-52,126,L
694,2022/6/29,11:01,95,274,H
695,2022/6/29,17:49,-121,57,L
696,2022/6/29,23:58,131,309,H
697,2022/6/30,06:05,-53,126,L
698,2022/6/30,11:33,96,275,H
699,2022/6/30,18:21,-122,57,L
700,2022/7/1,00:31,130,309,H
701,2022/7/1,06:35,-54,125,L
702,2022/7/1,12:04,98,276,H
703,2022/7/1,18:51,-121,58,L
704,2022/7/2,01:03,129,308,H
705,2022/7/2,07:06,-57,122,L
706,2022/7/2,12:38,99,278,H
707,2022/7/2,19:21,-119,60,L
708,2022/7/3,01:36,128,306,H
709,2022/7/3,07:39,-61,118,L
710,2022/7/3,13:16,100,278,H
711,2022/7/3,19:53,-115,63,L
712,2022/7/4,02:10,127,305,H
713,2022/7/4,08:15,-65,113,L
714,2022/7/4,13:58,100,278,H
715,2022/7/4,20:28,-110,68,L
716,2022/7/5,02:48,125,304,H
717,2022/7/5,08:55,-71,108,L
718,2022/7/5,14:45,99,277,H
719,2022/7/5,21:09,-103,75,L
720,2022/7/6,03:31,124,302,H
721,2022/7/6,09:40,-77,102,L
722,2022/7/6,15:39,99,277,H
723,2022/7/6,21:58,-94,84,L
724,2022/7/7,04:19,121,299,H
725,2022/7/7,10:29,-83,95,L
726,2022/7/7,16:40,100,278,H
727,2022/7/7,22:54,-84,95,L
728,2022/7/8,05:11,118,296,H
729,2022/7/8,11:24,-92,87,L
730,2022/7/8,17:46,104,282,H
731,2022/7/8,23:57,-72,106,L
732,2022/7/9,06:07,115,293,H
733,2022/7/9,12:24,-101,77,L
734,2022/7/9,18:57,112,290,H
735,2022/7/10,01:05,-63,116,L
736,2022/7/10,07:04,113,292,H
737,2022/7/10,13:27,-112,66,L
738,2022/7/10,20:06,124,302,H
739,2022/7/11,02:15,-57,122,L
740,2022/7/11,08:01,114,292,H
741,2022/7/11,14:33,-123,55,L
742,2022/7/11,21:10,137,315,H
743,2022/7/12,03:23,-54,124,L
744,2022/7/12,08:57,116,294,H
745,2022/7/12,15:40,-133,46,L
746,2022/7/12,22:09,147,326,H
747,2022/7/13,04:25,-54,124,L
748,2022/7/13,09:51,120,299,H
749,2022/7/13,16:43,-141,38,L
750,2022/7/13,23:02,154,332,H
751,2022/7/14,05:21,-57,122,L
752,2022/7/14,10:44,125,304,H
753,2022/7/14,17:40,-146,32,L
754,2022/7/14,23:52,156,335,H
755,2022/7/15,06:12,-61,118,L
756,2022/7/15,11:35,129,308,H
757,2022/7/15,18:31,-147,31,L
758,2022/7/16,00:38,155,334,H
759,2022/7/16,07:00,-66,113,L
760,2022/7/16,12:25,131,309,H
761,2022/7/16,19:17,-143,35,L
762,2022/7/17,01:23,152,330,H
763,2022/7/17,07:46,-72,107,L
764,2022/7/17,13:17,129,307,H
765,2022/7/17,20:03,-134,45,L
766,2022/7/18,02:08,146,324,H
767,2022/7/18,08:32,-78,101,L
768,2022/7/18,14:10,123,301,H
769,2022/7/18,20:48,-120,59,L
770,2022/7/19,02:54,137,315,H
771,2022/7/19,09:20,-83,96,L
772,2022/7/19,15:07,114,293,H
773,2022/7/19,21:37,-101,78,L
774,2022/7/20,03:43,125,304,H
775,2022/7/20,10:12,-86,93,L
776,2022/7/20,16:08,104,283,H
777,2022/7/20,22:30,-80,99,L
778,2022/7/21,04:36,112,291,H
779,2022/7/21,11:12,-87,91,L
780,2022/7/21,17:17,96,274,H
781,2022/7/21,23:32,-60,118,L
782,2022/7/22,05:35,100,278,H
783,2022/7/22,12:18,-90,89,L
784,2022/7/22,18:34,93,271,H
785,2022/7/23,00:42,-46,132,L
786,2022/7/23,06:37,90,268,H
787,2022/7/23,13:25,-94,85,L
788,2022/7/23,19:52,97,276,H
789,2022/7/24,01:55,-40,139,L
790,2022/7/24,07:39,85,263,H
791,2022/7/24,14:26,-99,79,L
792,2022/7/24,20:57,106,284,H
793,2022/7/25,03:00,-40,138,L
794,2022/7/25,08:37,84,262,H
795,2022/7/25,15:21,-105,73,L
796,2022/7/25,21:49,115,294,H
797,2022/7/26,03:53,-44,134,L
798,2022/7/26,09:26,86,265,H
799,2022/7/26,16:09,-112,67,L
800,2022/7/26,22:32,123,301,H
801,2022/7/27,04:36,-49,130,L
802,2022/7/27,10:07,91,270,H
803,2022/7/27,16:51,-117,61,L
804,2022/7/27,23:08,128,307,H
805,2022/7/28,05:13,-53,125,L
806,2022/7/28,10:43,98,276,H
807,2022/7/28,17:29,-122,57,L
808,2022/7/28,23:39,132,310,H
809,2022/7/29,05:46,-58,120,L
810,2022/7/29,11:16,104,283,H
811,2022/7/29,18:02,-125,54,L
812,2022/7/30,00:09,134,313,H
813,2022/7/30,06:16,-64,115,L
814,2022/7/30,11:48,111,289,H
815,2022/7/30,18:33,-125,54,L
816,2022/7/31,00:37,136,314,H
817,2022/7/31,06:45,-70,109,L
818,2022/7/31,12:21,116,294,H
819,2022/7/31,19:02,-123,55,L
820,2022/8/1,01:07,137,315,H
821,2022/8/1,07:15,-77,102,L
822,2022/8/1,12:56,120,298,H
823,2022/8/1,19:31,-119,59,L
824,2022/8/2,01:37,137,316,H
825,2022/8/2,07:47,-85,94,L
826,2022/8/2,13:35,121,300,H
827,2022/8/2,20:02,-113,65,L
828,2022/8/3,02:11,136,315,H
829,2022/8/3,08:22,-92,87,L
830,2022/8/3,14:19,120,299,H
831,2022/8/3,20:39,-104,75,L
832,2022/8/4,02:49,133,311,H
833,2022/8/4,09:02,-98,80,L
834,2022/8/4,15:09,117,296,H
835,2022/8/4,21:23,-91,88,L
836,2022/8/5,03:33,126,304,H
837,2022/8/5,09:48,-103,76,L
838,2022/8/5,16:07,113,291,H
839,2022/8/5,22:17,-74,104,L
840,2022/8/6,04:25,116,294,H
841,2022/8/6,10:42,-105,74,L
842,2022/8/6,17:16,109,288,H
843,2022/8/6,23:22,-57,121,L
844,2022/8/7,05:25,106,285,H
845,2022/8/7,11:47,-107,71,L
846,2022/8/7,18:33,110,289,H
847,2022/8/8,00:40,-45,133,L
848,2022/8/8,06:32,100,279,H
849,2022/8/8,13:02,-111,67,L
850,2022/8/8,19:52,118,297,H
851,2022/8/9,02:01,-42,136,L
852,2022/8/9,07:40,101,279,H
853,2022/8/9,14:22,-119,59,L
854,2022/8/9,21:02,131,310,H
855,2022/8/10,03:16,-47,132,L
856,2022/8/10,08:46,108,286,H
857,2022/8/10,15:36,-130,49,L
858,2022/8/10,22:02,143,322,H
859,2022/8/11,04:20,-56,123,L
860,2022/8/11,09:45,119,298,H
861,2022/8/11,16:39,-140,39,L
862,2022/8/11,22:53,152,331,H
863,2022/8/12,05:14,-66,113,L
864,2022/8/12,10:39,131,309,H
865,2022/8/12,17:32,-146,33,L
866,2022/8/12,23:38,157,335,H
867,2022/8/13,06:01,-76,102,L
868,2022/8/13,11:28,140,318,H
869,2022/8/13,18:18,-146,33,L
870,2022/8/14,00:19,157,336,H
871,2022/8/14,06:44,-86,93,L
872,2022/8/14,12:15,143,322,H
873,2022/8/14,19:00,-140,39,L
874,2022/8/15,00:57,154,333,H
875,2022/8/15,07:24,-94,84,L
876,2022/8/15,13:01,142,320,H
877,2022/8/15,19:39,-128,51,L
878,2022/8/16,01:36,147,326,H
879,2022/8/16,08:03,-100,78,L
880,2022/8/16,13:48,134,313,H
881,2022/8/16,20:18,-111,67,L
882,2022/8/17,02:16,136,315,H
883,2022/8/17,08:44,-103,76,L
884,2022/8/17,14:38,123,301,H
885,2022/8/17,21:00,-91,88,L
886,2022/8/18,02:58,121,299,H
887,2022/8/18,09:28,-101,78,L
888,2022/8/18,15:33,108,287,H
889,2022/8/18,21:48,-69,110,L
890,2022/8/19,03:46,103,281,H
891,2022/8/19,10:20,-95,83,L
892,2022/8/19,16:36,94,272,H
893,2022/8/19,22:45,-48,131,L
894,2022/8/20,04:41,85,264,H
895,2022/8/20,11:25,-89,89,L
896,2022/8/20,17:53,85,263,H
897,2022/8/20,23:57,-33,145,L
898,2022/8/21,05:47,72,250,H
899,2022/8/21,12:39,-87,91,L
900,2022/8/21,19:20,85,263,H
901,2022/8/22,01:20,-29,149,L
902,2022/8/22,06:59,66,245,H
903,2022/8/22,13:49,-91,87,L
904,2022/8/22,20:32,94,272,H
905,2022/8/23,02:32,-35,144,L
906,2022/8/23,08:07,69,248,H
907,2022/8/23,14:49,-99,79,L
908,2022/8/23,21:25,105,284,H
909,2022/8/24,03:28,-45,134,L
910,2022/8/24,09:03,78,257,H
911,2022/8/24,15:41,-109,70,L
912,2022/8/24,22:07,116,294,H
913,2022/8/25,04:11,-55,123,L
914,2022/8/25,09:46,90,268,H
915,2022/8/25,16:25,-118,60,L
916,2022/8/25,22:41,125,303,H
917,2022/8/26,04:48,-65,113,L
918,2022/8/26,10:23,103,281,H
919,2022/8/26,17:03,-125,53,L
920,2022/8/26,23:11,131,310,H
921,2022/8/27,05:20,-74,104,L
922,2022/8/27,10:56,115,293,H
923,2022/8/27,17:37,-129,49,L
924,2022/8/27,23:38,136,314,H
925,2022/8/28,05:51,-83,95,L
926,2022/8/28,11:28,125,303,H
927,2022/8/28,18:09,-130,49,L
928,2022/8/29,00:05,139,317,H
929,2022/8/29,06:19,-92,87,L
930,2022/8/29,12:01,132,311,H
931,2022/8/29,18:38,-127,52,L
932,2022/8/30,00:33,141,319,H
933,2022/8/30,06:48,-101,78,L
934,2022/8/30,12:35,137,315,H
935,2022/8/30,19:06,-121,58,L
936,2022/8/31,01:02,141,319,H
937,2022/8/31,07:17,-109,69,L
938,2022/8/31,13:13,137,315,H
939,2022/8/31,19:37,-111,67,L
940,2022/9/1,01:33,137,316,H
941,2022/9/1,07:50,-116,62,L
942,2022/9/1,13:55,133,312,H
943,2022/9/1,20:12,-98,80,L
944,2022/9/2,02:09,130,308,H
945,2022/9/2,08:29,-120,59,L
946,2022/9/2,14:45,126,304,H
947,2022/9/2,20:55,-81,97,L
948,2022/9/3,02:53,118,296,H
949,2022/9/3,09:14,-119,60,L
950,2022/9/3,15:43,115,294,H
951,2022/9/3,21:51,-62,117,L
952,2022/9/4,03:47,102,281,H
953,2022/9/4,10:11,-114,65,L
954,2022/9/4,16:56,105,284,H
955,2022/9/4,23:02,-44,134,L
956,2022/9/5,04:56,88,267,H
957,2022/9/5,11:25,-108,71,L
958,2022/9/5,18:22,103,281,H
959,2022/9/6,00:32,-37,142,L
960,2022/9/6,06:16,83,261,H
961,2022/9/6,12:57,-109,69,L
962,2022/9/6,19:46,111,290,H
963,2022/9/7,02:03,-43,136,L
964,2022/9/7,07:34,89,268,H
965,2022/9/7,14:22,-119,60,L
966,2022/9/7,20:56,126,304,H
967,2022/9/8,03:16,-58,121,L
968,2022/9/8,08:44,104,283,H
969,2022/9/8,15:32,-131,48,L
970,2022/9/8,21:51,139,318,H
971,2022/9/9,04:13,-74,105,L
972,2022/9/9,09:43,122,301,H
973,2022/9/9,16:30,-140,38,L
974,2022/9/9,22:37,148,327,H
975,2022/9/10,05:02,-89,90,L
976,2022/9/10,10:33,137,315,H
977,2022/9/10,17:18,-144,35,L
978,2022/9/10,23:17,153,331,H
979,2022/9/11,05:44,-102,77,L
980,2022/9/11,11:18,146,325,H
981,2022/9/11,18:00,-140,39,L
982,2022/9/11,23:53,152,331,H
983,2022/9/12,06:22,-112,67,L
984,2022/9/12,12:01,149,328,H
985,2022/9/12,18:37,-131,48,L
986,2022/9/13,00:27,147,326,H
987,2022/9/13,06:58,-119,59,L
988,2022/9/13,12:42,146,325,H
989,2022/9/13,19:12,-117,61,L
990,2022/9/14,01:01,138,317,H
991,2022/9/14,07:32,-122,56,L
992,2022/9/14,13:25,138,316,H
993,2022/9/14,19:48,-101,78,L
994,2022/9/15,01:37,125,303,H
995,2022/9/15,08:07,-121,57,L
996,2022/9/15,14:10,125,303,H
997,2022/9/15,20:25,-82,96,L
998,2022/9/16,02:15,107,286,H
999,2022/9/16,08:46,-115,64,L
1000,2022/9/16,14:59,108,286,H
1001,2022/9/16,21:08,-63,116,L
1002,2022/9/17,02:58,88,266,H
1003,2022/9/17,09:32,-104,74,L
1004,2022/9/17,15:57,90,269,H
1005,2022/9/17,22:00,-44,134,L
1006,2022/9/18,03:50,69,247,H
1007,2022/9/18,10:31,-93,86,L
1008,2022/9/18,17:08,77,255,H
1009,2022/9/18,23:10,-32,147,L
1010,2022/9/19,04:58,54,232,H
1011,2022/9/19,11:49,-85,93,L
1012,2022/9/19,18:35,74,252,H
1013,2022/9/20,00:39,-30,148,L
1014,2022/9/20,06:17,49,228,H
1015,2022/9/20,13:06,-87,92,L
1016,2022/9/20,19:52,81,259,H
1017,2022/9/21,01:58,-40,139,L
1018,2022/9/21,07:33,56,234,H
1019,2022/9/21,14:11,-96,83,L
1020,2022/9/21,20:47,94,272,H
1021,2022/9/22,02:54,-55,124,L
1022,2022/9/22,08:33,70,248,H
1023,2022/9/22,15:05,-107,71,L
1024,2022/9/22,21:29,106,285,H
1025,2022/9/23,03:37,-70,109,L
1026,2022/9/23,09:19,88,266,H
1027,2022/9/23,15:51,-119,60,L
1028,2022/9/23,22:03,117,296,H
1029,2022/9/24,04:15,-84,94,L
1030,2022/9/24,09:57,106,284,H
1031,2022/9/24,16:31,-127,51,L
1032,2022/9/24,22:33,126,304,H
1033,2022/9/25,04:49,-97,82,L
1034,2022/9/25,10:32,122,300,H
1035,2022/9/25,17:07,-132,47,L
1036,2022/9/25,23:01,132,310,H
1037,2022/9/26,05:20,-109,70,L
1038,2022/9/26,11:06,134,313,H
1039,2022/9/26,17:41,-131,48,L
1040,2022/9/26,23:29,135,314,H
1041,2022/9/27,05:50,-119,59,L
1042,2022/9/27,11:40,143,321,H
1043,2022/9/27,18:12,-125,53,L
1044,2022/9/27,23:57,136,315,H
1045,2022/9/28,06:19,-129,50,L
1046,2022/9/28,12:16,146,324,H
1047,2022/9/28,18:42,-116,62,L
1048,2022/9/29,00:27,134,313,H
1049,2022/9/29,06:49,-136,42,L
1050,2022/9/29,12:55,144,322,H
1051,2022/9/29,19:15,-104,75,L
1052,2022/9/30,00:59,129,307,H
1053,2022/9/30,07:23,-140,39,L
1054,2022/9/30,13:38,137,315,H
1055,2022/9/30,19:52,-89,90,L
1056,2022/10/1,01:36,117,296,H
1057,2022/10/1,08:03,-138,40,L
1058,2022/10/1,14:29,125,303,H
1059,2022/10/1,20:38,-71,108,L
1060,2022/10/2,02:23,101,279,H
1061,2022/10/2,08:52,-130,48,L
1062,2022/10/2,15:30,110,288,H
1063,2022/10/2,21:38,-53,125,L
1064,2022/10/3,03:24,83,261,H
1065,2022/10/3,09:55,-118,60,L
1066,2022/10/3,16:47,98,276,H
1067,2022/10/3,22:59,-42,137,L
1068,2022/10/4,04:44,70,248,H
1069,2022/10/4,11:24,-109,69,L
1070,2022/10/4,18:16,96,274,H
1071,2022/10/5,00:38,-44,134,L
1072,2022/10/5,06:13,70,249,H
1073,2022/10/5,12:59,-111,67,L
1074,2022/10/5,19:38,106,284,H
1075,2022/10/6,02:03,-60,118,L
1076,2022/10/6,07:34,84,263,H
1077,2022/10/6,14:16,-121,57,L
1078,2022/10/6,20:41,120,298,H
1079,2022/10/7,03:06,-81,97,L
1080,2022/10/7,08:42,105,283,H
1081,2022/10/7,15:20,-131,48,L
1082,2022/10/7,21:31,132,310,H
1083,2022/10/8,03:58,-101,77,L
1084,2022/10/8,09:37,124,302,H
1085,2022/10/8,16:14,-136,43,L
1086,2022/10/8,22:13,139,317,H
1087,2022/10/9,04:43,-118,61,L
1088,2022/10/9,00:24,138,316,H
1089,2022/10/9,16:59,-135,44,L
1090,2022/10/9,22:50,140,319,H
1091,2022/10/10,05:23,-129,49,L
1092,2022/10/10,11:07,146,324,H
1093,2022/10/10,17:39,-128,51,L
1094,2022/10/10,23:24,137,316,H
1095,2022/10/11,05:59,-137,41,L
1096,2022/10/11,11:46,147,325,H
1097,2022/10/11,18:15,-117,61,L
1098,2022/10/11,23:56,130,308,H
1099,2022/10/12,06:32,-140,38,L
1100,2022/10/12,12:25,143,321,H
1101,2022/10/12,18:48,-105,74,L
1102,2022/10/13,00:28,120,298,H
1103,2022/10/13,07:03,-140,39,L
1104,2022/10/13,13:04,134,313,H
1105,2022/10/13,19:20,-92,87,L
1106,2022/10/14,01:01,106,285,H
1107,2022/10/14,07:35,-136,43,L
1108,2022/10/14,13:46,121,300,H
1109,2022/10/14,19:55,-78,101,L
1110,2022/10/15,01:36,90,269,H
1111,2022/10/15,08:10,-127,51,L
1112,2022/10/15,14:30,105,284,H
1113,2022/10/15,20:35,-63,115,L
1114,2022/10/16,02:17,73,251,H
1115,2022/10/16,08:51,-115,64,L
1116,2022/10/16,15:22,89,267,H
1117,2022/10/16,21:23,-50,128,L
1118,2022/10/17,03:06,56,234,H
1119,2022/10/17,09:44,-101,77,L
1120,2022/10/17,16:24,75,253,H
1121,2022/10/17,22:26,-41,137,L
1122,2022/10/18,04:12,42,221,H
1123,2022/10/18,10:54,-91,88,L
1124,2022/10/18,17:38,68,247,H
1125,2022/10/18,23:48,-41,138,L
1126,2022/10/19,05:31,38,217,H
1127,2022/10/19,12:13,-88,90,L
1128,2022/10/19,18:52,72,250,H
1129,2022/10/20,01:08,-51,127,L
1130,2022/10/20,06:48,46,224,H
1131,2022/10/20,13:22,-94,84,L
1132,2022/10/20,19:51,82,261,H
1133,2022/10/21,02:08,-68,110,L
1134,2022/10/21,07:52,62,240,H
1135,2022/10/21,14:19,-105,74,L
1136,2022/10/21,20:37,95,273,H
1137,2022/10/22,02:54,-86,93,L
1138,2022/10/22,08:43,83,261,H
1139,2022/10/22,15:09,-115,63,L
1140,2022/10/22,21:15,107,285,H
1141,2022/10/23,03:35,-103,75,L
1142,2022/10/23,09:25,104,282,H
1143,2022/10/23,15:54,-123,55,L
1144,2022/10/23,21:49,116,295,H
1145,2022/10/24,04:12,-119,59,L
1146,2022/10/24,10:05,123,301,H
1147,2022/10/24,16:34,-126,52,L
1148,2022/10/24,22:21,123,301,H
1149,2022/10/25,04:46,-133,45,L
1150,2022/10/25,10:43,137,315,H
1151,2022/10/25,17:11,-124,55,L
1152,2022/10/25,22:52,126,304,H
1153,2022/10/26,05:20,-145,33,L
1154,2022/10/26,11:21,145,324,H
1155,2022/10/26,17:47,-117,62,L
1156,2022/10/26,23:23,126,304,H
1157,2022/10/27,05:53,-154,24,L
1158,2022/10/27,12:00,147,326,H
1159,2022/10/27,18:22,-106,72,L
1160,2022/10/27,23:56,122,301,H
1161,2022/10/28,06:28,-159,20,L
1162,2022/10/28,12:42,143,322,H
1163,2022/10/28,18:59,-94,85,L
1164,2022/10/29,00:32,114,293,H
1165,2022/10/29,07:06,-158,21,L
1166,2022/10/29,13:28,134,312,H
1167,2022/10/29,19:41,-81,98,L
1168,2022/10/30,01:15,102,280,H
1169,2022/10/30,07:50,-151,28,L
1170,2022/10/30,14:21,120,298,H
1171,2022/10/30,20:32,-67,111,L
1172,2022/10/31,02:07,86,264,H
1173,2022/10/31,08:45,-138,40,L
1174,2022/10/31,15:24,105,284,H
1175,2022/10/31,21:36,-56,122,L
1176,2022/11/1,03:16,70,249,H
1177,2022/11/1,09:57,-124,55,L
1178,2022/11/1,16:40,95,273,H
1179,2022/11/1,23:01,-53,125,L
1180,2022/11/2,04:41,62,241,H
1181,2022/11/2,11:25,-115,63,L
1182,2022/11/2,18:02,94,273,H
1183,2022/11/3,00:32,-64,114,L
1184,2022/11/3,06:08,68,246,H
1185,2022/11/3,12:47,-115,63,L
1186,2022/11/3,19:15,102,280,H
1187,2022/11/4,01:46,-85,94,L
1188,2022/11/4,07:26,83,262,H
1189,2022/11/4,13:58,-119,59,L
1190,2022/11/4,20:14,112,290,H
1191,2022/11/5,02:45,-107,72,L
1192,2022/11/5,08:32,102,281,H
1193,2022/11/5,15:00,-122,56,L
1194,2022/11/5,21:03,119,297,H
1195,2022/11/6,03:36,-126,52,L
1196,2022/11/6,09:27,120,298,H
1197,2022/11/6,15:53,-122,56,L
1198,2022/11/6,21:45,122,301,H
1199,2022/11/7,04:20,-141,38,L
1200,2022/11/7,10:13,132,310,H
1201,2022/11/7,16:39,-118,60,L
1202,2022/11/7,22:23,121,299,H
1203,2022/11/8,05:01,-150,29,L
1204,2022/11/8,10:55,138,316,H
1205,2022/11/8,17:19,-111,67,L
1206,2022/11/8,22:57,116,294,H
1207,2022/11/9,05:37,-153,25,L
1208,2022/11/9,11:34,138,317,H
1209,2022/11/9,17:55,-103,76,L
1210,2022/11/9,23:30,108,287,H
1211,2022/11/10,06:10,-153,25,L
1212,2022/11/10,12:11,135,313,H
1213,2022/11/10,18:27,-93,85,L
1214,2022/11/11,00:01,99,278,H
1215,2022/11/11,06:41,-150,28,L
1216,2022/11/11,12:48,127,305,H
1217,2022/11/11,18:59,-85,94,L
1218,2022/11/12,00:33,89,268,H
1219,2022/11/12,07:11,-145,33,L
1220,2022/11/12,13:26,117,295,H
1221,2022/11/12,19:32,-77,102,L
1222,2022/11/13,01:07,78,256,H
1223,2022/11/13,07:44,-137,41,L
1224,2022/11/13,14:07,104,283,H
1225,2022/11/13,20:09,-69,110,L
1226,2022/11/14,01:46,66,244,H
1227,2022/11/14,08:22,-127,52,L
1228,2022/11/14,14:52,91,270,H
1229,2022/11/14,20:53,-62,117,L
1230,2022/11/15,02:32,53,232,H
1231,2022/11/15,09:07,-114,64,L
1232,2022/11/15,15:44,80,259,H
1233,2022/11/15,21:46,-57,121,L
1234,2022/11/16,03:31,43,221,H
1235,2022/11/16,10:05,-103,76,L
1236,2022/11/16,16:43,73,252,H
1237,2022/11/16,22:51,-58,121,L
1238,2022/11/17,04:41,39,217,H
1239,2022/11/17,11:13,-96,82,L
1240,2022/11/17,17:45,73,251,H
1241,2022/11/18,00:02,-66,113,L
1242,2022/11/18,05:53,43,222,H
1243,2022/11/18,12:21,-95,83,L
1244,2022/11/18,18:44,78,256,H
1245,2022/11/19,01:07,-80,98,L
1246,2022/11/19,07:00,57,235,H
1247,2022/11/19,13:24,-100,79,L
1248,2022/11/19,19:35,87,265,H
1249,2022/11/20,02:01,-98,80,L
1250,2022/11/20,07:59,77,255,H
1251,2022/11/20,14:20,-106,73,L
1252,2022/11/20,20:21,96,275,H
1253,2022/11/21,02:48,-117,62,L
1254,2022/11/21,08:51,98,277,H
1255,2022/11/21,15:12,-110,68,L
1256,2022/11/21,21:02,104,283,H
1257,2022/11/22,03:31,-135,44,L
1258,2022/11/22,09:37,118,297,H
1259,2022/11/22,16:00,-111,67,L
1260,2022/11/22,21:40,111,289,H
1261,2022/11/23,04:12,-151,28,L
1262,2022/11/23,10:21,133,312,H
1263,2022/11/23,16:44,-109,70,L
1264,2022/11/23,22:17,114,292,H
1265,2022/11/24,04:53,-163,16,L
1266,2022/11/24,11:05,142,320,H
1267,2022/11/24,17:26,-103,76,L
1268,2022/11/24,22:55,114,293,H
1269,2022/11/25,05:34,-170,8,L
1270,2022/11/25,11:49,144,323,H
1271,2022/11/25,18:07,-95,84,L
1272,2022/11/25,23:34,112,290,H
1273,2022/11/26,06:16,-173,6,L
1274,2022/11/26,12:34,140,319,H
1275,2022/11/26,18:50,-87,92,L
1276,2022/11/27,00:17,105,284,H
1277,2022/11/27,07:01,-169,9,L
1278,2022/11/27,13:23,131,310,H
1279,2022/11/27,19:37,-79,99,L
1280,2022/11/28,01:05,96,274,H
1281,2022/11/28,07:50,-160,18,L
1282,2022/11/28,14:16,120,299,H
1283,2022/11/28,20:30,-73,105,L
1284,2022/11/29,02:03,84,263,H
1285,2022/11/29,08:47,-147,31,L
1286,2022/11/29,15:15,109,287,H
1287,2022/11/29,21:33,-70,108,L
1288,2022/11/30,03:11,73,252,H
1289,2022/11/30,09:53,-133,46,L
1290,2022/11/30,16:21,100,278,H
1291,2022/11/30,22:46,-74,105,L
1292,2022/12/1,04:28,68,246,H
1293,2022/12/1,11:06,-121,58,L
1294,2022/12/1,17:31,97,275,H
1295,2022/12/2,00:04,-86,93,L
1296,2022/12/2,05:49,70,249,H
1297,2022/12/2,12:19,-112,67,L
1298,2022/12/2,18:37,97,276,H
1299,2022/12/3,01:15,-103,75,L
1300,2022/12/3,07:06,80,259,H
1301,2022/12/3,13:29,-106,72,L
1302,2022/12/3,19:37,100,278,H
1303,2022/12/4,02:15,-122,56,L
1304,2022/12/4,08:15,95,274,H
1305,2022/12/4,14:34,-103,76,L
1306,2022/12/4,20:30,102,280,H
1307,2022/12/5,03:09,-138,40,L
1308,2022/12/5,09:13,110,288,H
1309,2022/12/5,15:31,-100,78,L
1310,2022/12/5,21:16,102,280,H
1311,2022/12/6,03:57,-150,29,L
1312,2022/12/6,10:02,120,299,H
1313,2022/12/6,16:20,-98,81,L
1314,2022/12/6,21:58,100,278,H
1315,2022/12/7,04:40,-156,23,L
1316,2022/12/7,10:45,126,305,H
1317,2022/12/7,17:02,-93,85,L
1318,2022/12/7,22:35,96,274,H
1319,2022/12/8,05:19,-158,21,L
1320,2022/12/8,11:24,128,306,H
1321,2022/12/8,17:39,-89,90,L
1322,2022/12/8,23:09,91,270,H
1323,2022/12/9,05:53,-157,21,L
1324,2022/12/9,12:01,126,304,H
1325,2022/12/9,18:11,-85,94,L
1326,2022/12/9,23:41,87,265,H
1327,2022/12/10,06:25,-155,24,L
1328,2022/12/10,12:36,121,299,H
1329,2022/12/10,18:41,-81,98,L
1330,2022/12/11,00:13,82,261,H
1331,2022/12/11,06:55,-151,28,L
1332,2022/12/11,13:10,115,293,H
1333,2022/12/11,19:12,-78,100,L
1334,2022/12/12,00:46,77,255,H
1335,2022/12/12,07:26,-145,34,L
1336,2022/12/12,13:46,108,286,H
1337,2022/12/12,19:46,-77,102,L
1338,2022/12/13,01:23,71,249,H
1339,2022/12/13,07:59,-137,41,L
1340,2022/12/13,14:24,100,278,H
1341,2022/12/13,20:25,-76,103,L
1342,2022/12/14,02:05,64,242,H
1343,2022/12/14,08:37,-128,51,L
1344,2022/12/14,15:06,93,271,H
1345,2022/12/14,21:09,-76,103,L
1346,2022/12/15,02:55,57,236,H
1347,2022/12/15,09:22,-117,62,L
1348,2022/12/15,15:52,87,265,H
1349,2022/12/15,21:59,-77,101,L
1350,2022/12/16,03:52,53,231,H
1351,2022/12/16,10:15,-107,72,L
1352,2022/12/16,16:44,83,261,H
1353,2022/12/16,22:56,-82,96,L
1354,2022/12/17,04:57,53,231,H
1355,2022/12/17,11:16,-98,80,L
1356,2022/12/17,17:39,82,261,H
1357,2022/12/17,23:57,-92,87,L
1358,2022/12/18,06:05,60,238,H
1359,2022/12/18,12:21,-93,86,L
1360,2022/12/18,18:33,84,263,H
1361,2022/12/19,00:57,-106,73,L
1362,2022/12/19,07:12,74,252,H
1363,2022/12/19,13:27,-91,88,L
1364,2022/12/19,19:26,88,267,H
1365,2022/12/20,01:55,-123,56,L
1366,2022/12/20,08:15,92,270,H
1367,2022/12/20,14:30,-90,88,L
1368,2022/12/20,20:16,93,272,H
1369,2022/12/21,02:50,-140,39,L
1370,2022/12/21,09:12,111,289,H
1371,2022/12/21,15:28,-90,88,L
1372,2022/12/21,21:04,99,277,H
1373,2022/12/22,03:43,-156,23,L
1374,2022/12/22,10:04,127,305,H
1375,2022/12/22,16:21,-90,89,L
1376,2022/12/22,21:50,104,282,H
1377,2022/12/23,04:35,-168,11,L
1378,2022/12/23,10:53,137,315,H
1379,2022/12/23,17:11,-88,90,L
1380,2022/12/23,22:36,108,286,H
1381,2022/12/24,05:25,-176,3,L
1382,2022/12/24,11:41,141,319,H
1383,2022/12/24,17:58,-87,92,L
1384,2022/12/24,23:22,110,288,H
1385,2022/12/25,06:13,-178,0,L
1386,2022/12/25,12:28,140,318,H
1387,2022/12/25,18:44,-86,93,L
1388,2022/12/26,00:09,109,288,H
1389,2022/12/26,07:01,-176,3,L
1390,2022/12/26,13:15,135,314,H
1391,2022/12/26,19:32,-86,92,L
1392,2022/12/27,01:00,105,284,H
1393,2022/12/27,07:49,-168,11,L
1394,2022/12/27,14:04,128,306,H
1395,2022/12/27,20:22,-88,91,L
1396,2022/12/28,01:56,98,277,H
1397,2022/12/28,08:40,-154,24,L
1398,2022/12/28,14:55,119,297,H
1399,2022/12/28,21:16,-90,88,L
1400,2022/12/29,02:57,89,267,H
1401,2022/12/29,09:34,-137,41,L
1402,2022/12/29,15:49,109,287,H
1403,2022/12/29,22:16,-94,84,L
1404,2022/12/30,04:04,80,259,H
1405,2022/12/30,10:34,-117,61,L
1406,2022/12/30,16:48,99,278,H
1407,2022/12/30,23:23,-101,78,L
1408,2022/12/31,05:17,75,253,H
1409,2022/12/31,11:39,-99,80,L
1410,2022/12/31,17:50,91,270,H
1411,2023/1/1,00:31,-105,66,L
1412,2023/1/1,06:39,91,261,H
1413,2023/1/1,12:52,-78,93,L
1414,2023/1/1,18:54,100,270,H
1415,2023/1/2,01:35,-115,56,L
1416,2023/1/2,07:53,98,268,H
1417,2023/1/2,14:03,-70,101,L
1418,2023/1/2,19:53,96,266,H
1419,2023/1/3,02:34,-124,47,L
1420,2023/1/3,08:57,108,278,H
1421,2023/1/3,15:06,-67,104,L
1422,2023/1/3,20:46,94,264,H
1423,2023/1/4,03:26,-131,39,L
1424,2023/1/4,09:51,117,287,H
1425,2023/1/4,15:59,-66,105,L
1426,2023/1/4,21:33,94,264,H
1427,2023/1/5,04:11,-137,33,L
1428,2023/1/5,10:35,123,293,H
1429,2023/1/5,16:42,-66,104,L
1430,2023/1/5,22:13,95,265,H
1431,2023/1/6,04:51,-141,30,L
1432,2023/1/6,11:13,127,297,H
1433,2023/1/6,17:18,-66,104,L
1434,2023/1/6,22:49,96,267,H
1435,2023/1/7,05:26,-143,27,L
1436,2023/1/7,11:46,128,298,H
1437,2023/1/7,17:50,-68,103,L
1438,2023/1/7,23:22,98,269,H
1439,2023/1/8,05:58,-145,26,L
1440,2023/1/8,12:17,128,298,H
1441,2023/1/8,18:19,-70,100,L
1442,2023/1/8,23:53,100,271,H
1443,2023/1/9,06:28,-145,26,L
1444,2023/1/9,12:48,127,297,H
1445,2023/1/9,18:48,-73,97,L
1446,2023/1/10,00:26,101,271,H
1447,2023/1/10,06:58,-143,27,L
1448,2023/1/10,13:18,125,295,H
1449,2023/1/10,19:19,-77,93,L
1450,2023/1/11,01:00,100,270,H
1451,2023/1/11,07:29,-139,32,L
1452,2023/1/11,13:50,122,292,H
1453,2023/1/11,19:53,-81,90,L
1454,2023/1/12,01:37,97,267,H
1455,2023/1/12,08:02,-131,39,L
1456,2023/1/12,14:24,117,288,H
1457,2023/1/12,20:30,-84,86,L
1458,2023/1/13,02:19,92,263,H
1459,2023/1/13,08:40,-121,50,L
1460,2023/1/13,15:02,112,282,H
1461,2023/1/13,21:12,-88,83,L
1462,2023/1/14,03:08,86,257,H
1463,2023/1/14,09:24,-106,64,L
1464,2023/1/14,15:46,105,275,H
1465,2023/1/14,22:01,-91,79,L
1466,2023/1/15,04:07,81,251,H
1467,2023/1/15,10:17,-89,81,L
1468,2023/1/15,16:37,98,268,H
1469,2023/1/15,22:56,-95,75,L
1470,2023/1/16,05:15,79,249,H
1471,2023/1/16,11:22,-72,98,L
1472,2023/1/16,17:34,91,261,H
1473,2023/1/17,00:00,-102,69,L
1474,2023/1/17,06:32,83,253,H
1475,2023/1/17,12:39,-60,110,L
1476,2023/1/17,18:37,88,258,H
1477,2023/1/18,01:10,-112,58,L
1478,2023/1/18,07:49,96,266,H
1479,2023/1/18,13:57,-55,115,L
1480,2023/1/18,19:41,90,260,H
1481,2023/1/19,02:18,-126,44,L
1482,2023/1/19,08:58,113,283,H
1483,2023/1/19,15:07,-57,113,L
1484,2023/1/19,20:41,97,268,H
1485,2023/1/20,03:22,-141,29,L
1486,2023/1/20,09:57,131,301,H
1487,2023/1/20,16:08,-63,108,L
1488,2023/1/20,21:37,108,279,H
1489,2023/1/21,04:20,-156,15,L
1490,2023/1/21,10:49,145,315,H
1491,2023/1/21,17:01,-70,101,L
1492,2023/1/21,22:29,120,291,H
1493,2023/1/22,05:13,-166,4,L
1494,2023/1/22,11:35,154,324,H
1495,2023/1/22,17:49,-78,93,L
1496,2023/1/22,23:18,131,301,H
1497,2023/1/23,06:02,-172,-2,L
1498,2023/1/23,12:19,158,328,H
1499,2023/1/23,18:34,-86,84,L
1500,2023/1/24,00:06,137,308,H
1501,2023/1/24,06:48,-171,-1,L
1502,2023/1/24,13:01,158,328,H
1503,2023/1/24,19:18,-95,75,L
1504,2023/1/25,00:55,138,308,H
1505,2023/1/25,07:33,-163,8,L
1506,2023/1/25,13:43,153,323,H
1507,2023/1/25,20:03,-103,68,L
1508,2023/1/26,01:45,133,303,H
1509,2023/1/26,08:18,-147,23,L
1510,2023/1/26,14:27,143,313,H
1511,2023/1/26,20:50,-108,62,L
1512,2023/1/27,02:39,122,292,H
1513,2023/1/27,09:05,-126,44,L
1514,2023/1/27,15:13,130,300,H
1515,2023/1/27,21:40,-109,61,L
1516,2023/1/28,03:38,107,278,H
1517,2023/1/28,09:56,-101,69,L
1518,2023/1/28,16:03,114,284,H
1519,2023/1/28,22:36,-108,62,L
1520,2023/1/29,04:44,93,264,H
1521,2023/1/29,10:56,-76,94,L
1522,2023/1/29,17:00,97,267,H
1523,2023/1/29,23:40,-106,65,L
1524,2023/1/30,06:01,84,255,H
1525,2023/1/30,12:08,-57,114,L
1526,2023/1/30,18:04,83,253,H
1527,2023/1/31,00:50,-106,65,L
1528,2023/1/31,07:23,85,255,H
1529,2023/1/31,13:27,-47,124,L
1530,2023/1/31,19:12,76,246,H
1531,2023/2/1,01:58,-110,60,L
1532,2023/2/1,08:37,93,263,H
1533,2023/2/1,14:39,-46,124,L
1534,2023/2/1,20:16,75,245,H
1535,2023/2/2,02:57,-116,54,L
1536,2023/2/2,09:34,104,274,H
1537,2023/2/2,15:37,-51,119,L
1538,2023/2/2,21:11,80,251,H
1539,2023/2/3,03:48,-124,46,L
1540,2023/2/3,10:19,114,284,H
1541,2023/2/3,16:23,-57,113,L
1542,2023/2/3,21:55,88,258,H
1543,2023/2/4,04:31,-131,39,L
1544,2023/2/4,10:56,121,291,H
1545,2023/2/4,16:59,-64,107,L
1546,2023/2/4,22:33,97,267,H
1547,2023/2/5,05:08,-137,34,L
1548,2023/2/5,11:27,126,296,H
1549,2023/2/5,17:31,-70,100,L
1550,2023/2/5,23:06,105,275,H
1551,2023/2/6,05:40,-140,30,L
1552,2023/2/6,11:55,129,299,H
1553,2023/2/6,17:59,-77,93,L
1554,2023/2/6,23:37,112,282,H
1555,2023/2/7,06:10,-142,29,L
1556,2023/2/7,12:21,131,301,H
1557,2023/2/7,18:27,-84,86,L
1558,2023/2/8,00:08,116,286,H
1559,2023/2/8,06:39,-141,30,L
1560,2023/2/8,12:48,131,301,H
1561,2023/2/8,18:54,-92,79,L
1562,2023/2/9,00:40,118,289,H
1563,2023/2/9,07:07,-137,34,L
1564,2023/2/9,13:16,130,300,H
1565,2023/2/9,19:24,-99,71,L
1566,2023/2/10,01:14,118,288,H
1567,2023/2/10,07:37,-129,41,L
1568,2023/2/10,13:46,127,297,H
1569,2023/2/10,19:56,-105,65,L
1570,2023/2/11,01:53,114,284,H
1571,2023/2/11,08:10,-118,52,L
1572,2023/2/11,14:19,121,291,H
1573,2023/2/11,20:33,-110,61,L
1574,2023/2/12,02:37,108,278,H
1575,2023/2/12,08:49,-102,68,L
1576,2023/2/12,14:57,112,282,H
1577,2023/2/12,21:15,-111,59,L
1578,2023/2/13,03:31,98,269,H
1579,2023/2/13,09:37,-82,88,L
1580,2023/2/13,15:44,99,270,H
1581,2023/2/13,22:06,-110,60,L
1582,2023/2/14,04:36,89,260,H
1583,2023/2/14,10:39,-61,110,L
1584,2023/2/14,16:42,86,257,H
1585,2023/2/14,23:10,-108,62,L
1586,2023/2/15,05:57,86,256,H
1587,2023/2/15,12:01,-44,126,L
1588,2023/2/15,17:54,78,248,H
1589,2023/2/16,00:29,-110,60,L
1590,2023/2/16,07:25,93,263,H
1591,2023/2/16,13:32,-41,130,L
1592,2023/2/16,19:12,80,250,H
1593,2023/2/17,01:52,-120,51,L
1594,2023/2/17,08:42,110,280,H
1595,2023/2/17,14:51,-48,122,L
1596,2023/2/17,20:24,92,262,H
1597,2023/2/18,03:06,-135,36,L
1598,2023/2/18,09:43,130,300,H
1599,2023/2/18,15:55,-62,108,L
1600,2023/2/18,21:27,110,281,H
1601,2023/2/19,04:08,-150,21,L
1602,2023/2/19,10:33,146,316,H
1603,2023/2/19,16:48,-77,93,L
1604,2023/2/19,22:21,130,300,H
1605,2023/2/20,05:02,-160,10,L
1606,2023/2/20,11:17,157,327,H
1607,2023/2/20,17:34,-92,78,L
1608,2023/2/20,23:10,145,315,H
1609,2023/2/21,05:50,-164,6,L
1610,2023/2/21,11:56,162,332,H
1611,2023/2/21,18:16,-105,65,L
1612,2023/2/21,23:56,154,324,H
1613,2023/2/22,06:33,-160,10,L
1614,2023/2/22,12:34,161,332,H
1615,2023/2/22,18:56,-116,54,L
1616,2023/2/23,00:41,155,325,H
1617,2023/2/23,07:13,-149,21,L
1618,2023/2/23,13:12,155,325,H
1619,2023/2/23,19:36,-124,47,L
1620,2023/2/24,01:26,148,319,H
1621,2023/2/24,07:53,-132,39,L
1622,2023/2/24,13:50,144,314,H
1623,2023/2/24,20:16,-126,44,L
1624,2023/2/25,02:14,135,305,H
1625,2023/2/25,08:34,-109,61,L
1626,2023/2/25,14:31,128,298,H
1627,2023/2/25,20:59,-122,48,L
1628,2023/2/26,03:06,117,288,H
1629,2023/2/26,09:19,-84,86,L
1630,2023/2/26,15:15,108,278,H
1631,2023/2/26,21:47,-113,57,L
1632,2023/2/27,04:06,99,269,H
1633,2023/2/27,10:11,-59,111,L
1634,2023/2/27,16:07,87,258,H
1635,2023/2/27,22:45,-102,68,L
1636,2023/2/28,05:18,84,254,H
1637,2023/2/28,11:20,-39,131,L
1638,2023/2/28,17:10,70,240,H
1639,2023/2/28,23:56,-94,77,L
1640,2023/3/1,06:44,79,249,H
1641,2023/3/1,12:46,-29,141,L
1642,2023/3/1,18:26,61,231,H
1643,2023/3/2,01:13,-92,78,L
1644,2023/3/2,08:06,85,255,H
1645,2023/3/2,14:09,-32,138,L
1646,2023/3/2,19:44,63,233,H
1647,2023/3/3,02:21,-97,73,L
1648,2023/3/3,09:07,97,267,H
1649,2023/3/3,15:11,-43,128,L
1650,2023/3/3,20:46,74,244,H
1651,2023/3/4,03:18,-106,64,L
1652,2023/3/4,09:52,109,279,H
1653,2023/3/4,15:57,-54,116,L
1654,2023/3/4,21:34,88,258,H
1655,2023/3/5,04:04,-115,55,L
1656,2023/3/5,10:27,119,289,H
1657,2023/3/5,16:34,-66,104,L
1658,2023/3/5,22:13,102,272,H
1659,2023/3/6,04:43,-123,48,L
1660,2023/3/6,10:57,127,297,H
1661,2023/3/6,17:05,-77,93,L
1662,2023/3/6,22:47,115,285,H
1663,2023/3/7,05:17,-127,43,L
1664,2023/3/7,11:23,132,302,H
1665,2023/3/7,17:34,-87,83,L
1666,2023/3/7,23:18,125,295,H
1667,2023/3/8,05:48,-129,42,L
1668,2023/3/8,11:49,135,305,H
1669,2023/3/8,18:01,-97,73,L
1670,2023/3/8,23:49,132,302,H
1671,2023/3/9,06:17,-126,44,L
1672,2023/3/9,12:14,136,306,H
1673,2023/3/9,18:28,-106,64,L
1674,2023/3/10,00:21,136,306,H
1675,2023/3/10,06:45,-121,50,L
1676,2023/3/10,12:40,135,305,H
1677,2023/3/10,18:55,-115,55,L
1678,2023/3/11,00:54,136,306,H
1679,2023/3/11,07:13,-112,58,L
1680,2023/3/11,13:08,131,301,H
1681,2023/3/11,19:25,-121,49,L
1682,2023/3/12,01:32,132,302,H
1683,2023/3/12,07:46,-99,71,L
1684,2023/3/12,13:40,124,294,H
1685,2023/3/12,19:59,-125,46,L
1686,2023/3/13,02:15,124,294,H
1687,2023/3/13,08:23,-83,87,L
1688,2023/3/13,14:17,112,282,H
1689,2023/3/13,20:41,-123,47,L
1690,2023/3/14,03:08,112,282,H
1691,2023/3/14,09:11,-63,107,L
1692,2023/3/14,15:03,97,267,H
1693,2023/3/14,21:32,-117,54,L
1694,2023/3/15,04:14,99,270,H
1695,2023/3/15,10:15,-43,127,L
1696,2023/3/15,16:06,81,251,H
1697,2023/3/15,22:39,-108,63,L
1698,2023/3/16,05:38,92,263,H
1699,2023/3/16,11:44,-31,139,L
1700,2023/3/16,17:29,72,242,H
1701,2023/3/17,00:07,-104,66,L
1702,2023/3/17,07:09,98,269,H
1703,2023/3/17,13:22,-35,135,L
1704,2023/3/17,18:59,77,247,H
1705,2023/3/18,01:37,-111,59,L
1706,2023/3/18,08:25,115,286,H
1707,2023/3/18,14:41,-51,119,L
1708,2023/3/18,20:16,96,266,H
1709,2023/3/19,02:53,-124,46,L
1710,2023/3/19,09:24,134,304,H
1711,2023/3/19,15:42,-71,99,L
1712,2023/3/19,21:19,119,290,H
1713,2023/3/20,03:55,-136,34,L
1714,2023/3/20,10:11,149,319,H
1715,2023/3/20,16:31,-91,79,L
1716,2023/3/20,22:12,141,311,H
1717,2023/3/21,04:47,-143,27,L
1718,2023/3/21,10:52,158,328,H
1719,2023/3/21,17:15,-108,62,L
1720,2023/3/21,22:59,157,327,H
1721,2023/3/22,05:33,-142,28,L
1722,2023/3/22,11:29,161,331,H
1723,2023/3/22,17:55,-122,48,L
1724,2023/3/22,23:42,164,334,H
1725,2023/3/23,06:14,-134,36,L
1726,2023/3/23,12:04,157,328,H
1727,2023/3/23,18:32,-131,40,L
1728,2023/3/24,00:24,163,334,H
1729,2023/3/24,06:51,-121,49,L
1730,2023/3/24,12:39,149,319,H
1731,2023/3/24,19:07,-135,36,L
1732,2023/3/25,01:07,156,326,H
1733,2023/3/25,07:27,-104,66,L
1734,2023/3/25,13:14,137,307,H
1735,2023/3/25,19:44,-133,37,L
1736,2023/3/26,01:51,142,312,H
1737,2023/3/26,08:05,-85,85,L
1738,2023/3/26,13:51,120,291,H
1739,2023/3/26,20:22,-126,45,L
1740,2023/3/27,02:38,125,295,H
1741,2023/3/27,08:45,-65,106,L
1742,2023/3/27,14:31,102,272,H
1743,2023/3/27,21:04,-114,57,L
1744,2023/3/28,03:32,106,276,H
1745,2023/3/28,09:34,-45,126,L
1746,2023/3/28,15:19,82,252,H
1747,2023/3/28,21:56,-99,72,L
1748,2023/3/29,04:37,90,260,H
1749,2023/3/29,10:37,-28,142,L
1750,2023/3/29,16:21,64,235,H
1751,2023/3/29,23:02,-85,85,L
1752,2023/3/30,05:57,82,252,H
1753,2023/3/30,12:02,-21,149,L
1754,2023/3/30,17:41,55,226,H
1755,2023/3/31,00:22,-78,92,L
1756,2023/3/31,07:19,85,255,H
1757,2023/3/31,13:28,-27,143,L
1758,2023/3/31,19:05,59,229,H
1759,2023/4/1,01:36,-80,90,L
1760,2023/4/1,08:23,95,265,H
1761,2023/4/1,14:32,-40,131,L
1762,2023/4/1,20:13,72,242,H
1763,2023/4/2,02:37,-87,83,L
1764,2023/4/2,09:09,107,277,H
1765,2023/4/2,15:20,-55,115,L
1766,2023/4/2,21:05,90,260,H
1767,2023/4/3,03:27,-96,75,L
1768,2023/4/3,09:46,118,288,H
1769,2023/4/3,15:58,-70,100,L
1770,2023/4/3,21:46,108,278,H
1771,2023/4/4,04:10,-103,67,L
1772,2023/4/4,10:17,127,297,H
1773,2023/4/4,16:33,-84,86,L
1774,2023/4/4,22:22,124,294,H
1775,2023/4/5,04:48,-107,64,L
1776,2023/4/5,10:45,133,304,H
1777,2023/4/5,17:04,-97,74,L
1778,2023/4/5,22:56,136,307,H
1779,2023/4/6,05:22,-106,64,L
1780,2023/4/6,11:12,137,307,H
1781,2023/4/6,17:33,-108,63,L
1782,2023/4/6,23:29,145,315,H
1783,2023/4/7,05:54,-102,68,L
1784,2023/4/7,11:39,137,307,H
1785,2023/4/7,18:01,-117,53,L
1786,2023/4/8,00:03,149,319,H
1787,2023/4/8,06:24,-95,76,L
1788,2023/4/8,12:06,134,304,H
1789,2023/4/8,18:29,-125,46,L
1790,2023/4/9,00:39,148,318,H
1791,2023/4/9,06:55,-85,86,L
1792,2023/4/9,12:35,129,299,H
1793,2023/4/9,19:00,-129,41,L
1794,2023/4/10,01:18,143,313,H
1795,2023/4/10,07:29,-72,98,L
1796,2023/4/10,13:09,120,291,H
1797,2023/4/10,19:36,-130,41,L
1798,2023/4/11,02:04,133,303,H
1799,2023/4/11,08:10,-58,113,L
1800,2023/4/11,13:49,108,278,H
1801,2023/4/11,20:20,-124,46,L
1802,2023/4/12,02:58,121,291,H
1803,2023/4/12,09:02,-42,128,L
1804,2023/4/12,14:42,93,263,H
1805,2023/4/12,21:16,-114,56,L
1806,2023/4/13,04:07,109,279,H
1807,2023/4/13,10:12,-30,140,L
1808,2023/4/13,15:54,79,249,H
1809,2023/4/13,22:30,-102,68,L
1810,2023/4/14,05:30,105,275,H
1811,2023/4/14,11:45,-28,142,L
1812,2023/4/14,17:25,75,245,H
1813,2023/4/15,00:01,-98,73,L
1814,2023/4/15,06:53,112,282,H
1815,2023/4/15,13:15,-42,129,L
1816,2023/4/15,18:53,86,256,H
1817,2023/4/16,01:25,-102,68,L
1818,2023/4/16,08:02,126,296,H
1819,2023/4/16,14:25,-63,107,L
1820,2023/4/16,20:07,108,278,H
1821,2023/4/17,02:37,-110,60,L
1822,2023/4/17,08:57,140,310,H
1823,2023/4/17,15:21,-86,85,L
1824,2023/4/17,21:08,131,301,H
1825,2023/4/18,03:37,-116,55,L
1826,2023/4/18,09:43,150,320,H
1827,2023/4/18,16:10,-105,65,L
1828,2023/4/18,22:00,150,320,H
1829,2023/4/19,04:29,-116,54,L
1830,2023/4/19,10:23,154,324,H
1831,2023/4/19,16:53,-120,50,L
1832,2023/4/19,22:46,162,332,H
1833,2023/4/20,05:14,-110,60,L
1834,2023/4/20,11:00,152,322,H
1835,2023/4/20,17:31,-129,41,L
1836,2023/4/20,23:29,166,336,H
1837,2023/4/21,05:54,-100,70,L
1838,2023/4/21,11:34,146,316,H
1839,2023/4/21,18:07,-134,37,L
1840,2023/4/22,00:09,163,333,H
1841,2023/4/22,06:30,-88,82,L
1842,2023/4/22,12:08,137,307,H
1843,2023/4/22,18:41,-134,37,L
1844,2023/4/23,00:50,155,325,H
1845,2023/4/23,07:04,-74,96,L
1846,2023/4/23,12:42,126,296,H
1847,2023/4/23,19:15,-130,41,L
1848,2023/4/24,01:31,144,314,H
1849,2023/4/24,07:40,-61,109,L
1850,2023/4/24,13:17,113,283,H
1851,2023/4/24,19:51,-122,49,L
1852,2023/4/25,02:15,130,300,H
1853,2023/4/25,08:18,-48,122,L
1854,2023/4/25,13:57,98,268,H
1855,2023/4/25,20:31,-110,60,L
1856,2023/4/26,03:05,115,285,H
1857,2023/4/26,09:04,-36,135,L
1858,2023/4/26,14:44,82,252,H
1859,2023/4/26,21:18,-96,75,L
1860,2023/4/27,04:01,102,272,H
1861,2023/4/27,10:01,-26,145,L
1862,2023/4/27,15:43,68,239,H
1863,2023/4/27,22:17,-82,89,L
1864,2023/4/28,05:07,94,264,H
1865,2023/4/28,11:14,-22,148,L
1866,2023/4/28,16:57,61,231,H
1867,2023/4/28,23:28,-71,99,L
1868,2023/4/29,06:17,93,263,H
1869,2023/4/29,12:32,-28,143,L
1870,2023/4/29,18:16,64,234,H
1871,2023/4/30,00:40,-68,102,L
1872,2023/4/30,07:20,98,269,H
1873,2023/4/30,13:38,-40,130,L
1874,2023/4/30,19:27,76,246,H
1875,2023/5/1,01:45,-71,99,L
1876,2023/5/1,08:11,108,278,H
1877,2023/5/1,14:30,-56,114,L
1878,2023/5/1,20:24,94,264,H
1879,2023/5/2,02:41,-76,95,L
1880,2023/5/2,08:53,118,288,H
1881,2023/5/2,15:14,-73,97,L
1882,2023/5/2,21:12,113,283,H
1883,2023/5/3,03:30,-80,90,L
1884,2023/5/3,09:29,126,296,H
1885,2023/5/3,15:53,-89,82,L
1886,2023/5/3,21:54,131,301,H
1887,2023/5/4,04:14,-82,88,L
1888,2023/5/4,10:03,132,302,H
1889,2023/5/4,16:29,-102,68,L
1890,2023/5/4,22:33,144,315,H
1891,2023/5/5,04:54,-81,90,L
1892,2023/5/5,10:34,134,305,H
1893,2023/5/5,17:03,-114,57,L
1894,2023/5/5,23:10,153,323,H
1895,2023/5/6,05:31,-75,95,L
1896,2023/5/6,11:05,134,304,H
1897,2023/5/6,17:36,-122,48,L
1898,2023/5/6,23:48,157,327,H
1899,2023/5/7,06:07,-67,103,L
1900,2023/5/7,11:37,131,301,H
1901,2023/5/7,18:09,-128,43,L
1902,2023/5/8,00:28,155,326,H
1903,2023/5/8,06:43,-58,112,L
1904,2023/5/8,12:12,126,296,H
1905,2023/5/8,18:46,-130,41,L
1906,2023/5/9,01:12,150,320,H
1907,2023/5/9,07:22,-48,122,L
1908,2023/5/9,12:51,118,288,H
1909,2023/5/9,19:27,-127,43,L
1910,2023/5/10,02:01,141,311,H
1911,2023/5/10,08:08,-39,131,L
1912,2023/5/10,13:39,108,278,H
1913,2023/5/10,20:17,-120,50,L
1914,2023/5/11,02:58,131,301,H
1915,2023/5/11,09:06,-33,138,L
1916,2023/5/11,14:40,97,267,H
1917,2023/5/11,21:18,-109,61,L
1918,2023/5/12,04:04,124,294,H
1919,2023/5/12,10:18,-32,139,L
1920,2023/5/12,15:57,89,260,H
1921,2023/5/12,22:33,-99,71,L
1922,2023/5/13,05:17,122,293,H
1923,2023/5/13,11:39,-40,130,L
1924,2023/5/13,17:22,91,262,H
1925,2023/5/13,23:52,-93,77,L
1926,2023/5/14,06:27,127,297,H
1927,2023/5/14,12:55,-57,113,L
1928,2023/5/14,18:42,104,274,H
1929,2023/5/15,01:08,-92,79,L
1930,2023/5/15,07:30,134,305,H
1931,2023/5/15,13:59,-78,92,L
1932,2023/5/15,19:53,121,292,H
1933,2023/5/16,02:16,-91,79,L
1934,2023/5/16,08:25,141,311,H
1935,2023/5/16,14:55,-97,73,L
1936,2023/5/16,20:54,139,309,H
1937,2023/5/17,03:17,-90,81,L
1938,2023/5/17,09:12,144,314,H
1939,2023/5/17,15:45,-113,58,L
1940,2023/5/17,21:47,153,323,H
1941,2023/5/18,04:10,-85,85,L
1942,2023/5/18,09:55,143,313,H
1943,2023/5/18,16:29,-122,48,L
1944,2023/5/18,22:34,160,330,H
1945,2023/5/19,04:56,-77,93,L
1946,2023/5/19,10:33,138,309,H
1947,2023/5/19,17:10,-127,44,L
1948,2023/5/19,23:17,161,331,H
1949,2023/5/20,05:36,-69,102,L
1950,2023/5/20,11:09,132,302,H
1951,2023/5/20,17:46,-127,43,L
1952,2023/5/20,23:57,158,328,H
1953,2023/5/21,06:12,-60,111,L
1954,2023/5/21,11:43,125,295,H
1955,2023/5/21,18:20,-125,45,L
1956,2023/5/22,00:36,152,322,H
1957,2023/5/22,06:45,-52,119,L
1958,2023/5/22,12:17,117,288,H
1959,2023/5/22,18:53,-121,49,L
1960,2023/5/23,01:15,144,314,H
1961,2023/5/23,07:19,-45,125,L
1962,2023/5/23,12:53,109,279,H
1963,2023/5/23,19:28,-115,55,L
1964,2023/5/24,01:56,134,305,H
1965,2023/5/24,07:56,-40,131,L
1966,2023/5/24,13:33,100,270,H
1967,2023/5/24,20:06,-106,64,L
1968,2023/5/25,02:39,125,295,H
1969,2023/5/25,08:39,-35,136,L
1970,2023/5/25,14:18,90,260,H
1971,2023/5/25,20:49,-95,75,L
1972,2023/5/26,03:27,116,286,H
1973,2023/5/26,09:28,-31,139,L
1974,2023/5/26,15:11,81,252,H
1975,2023/5/26,21:40,-83,87,L
1976,2023/5/27,04:19,109,279,H
1977,2023/5/27,10:26,-31,139,L
1978,2023/5/27,16:14,76,246,H
1979,2023/5/27,22:38,-71,99,L
1980,2023/5/28,05:15,105,276,H
1981,2023/5/28,11:30,-36,135,L
1982,2023/5/28,17:23,76,247,H
1983,2023/5/28,23:42,-63,107,L
1984,2023/5/29,06:12,106,276,H
1985,2023/5/29,12:32,-46,125,L
1986,2023/5/29,18:32,84,254,H
1987,2023/5/30,00:47,-59,111,L
1988,2023/5/30,07:06,111,281,H
1989,2023/5/30,13:29,-59,111,L
1990,2023/5/30,19:36,99,269,H
1991,2023/5/31,01:49,-58,112,L
1992,2023/5/31,07:55,117,287,H
1993,2023/5/31,14:21,-75,95,L
1994,2023/5/31,20:32,116,286,H
1995,2023/6/1,02:46,-59,112,L
1996,2023/6/1,08:39,122,293,H
1997,2023/6/1,15:08,-90,80,L
1998,2023/6/1,21:23,134,304,H
1999,2023/6/2,03:39,-58,112,L
2000,2023/6/2,09:20,127,297,H
2001,2023/6/2,15:52,-104,66,L
2002,2023/6/2,22:09,148,318,H
2003,2023/6/3,04:27,-56,114,L
2004,2023/6/3,09:59,129,300,H
2005,2023/6/3,16:34,-115,55,L
2006,2023/6/3,22:54,158,328,H
2007,2023/6/4,05:11,-52,118,L
2008,2023/6/4,10:38,130,301,H
2009,2023/6/4,17:15,-123,47,L
2010,2023/6/4,23:37,162,332,H
2011,2023/6/5,05:53,-47,123,L
2012,2023/6/5,11:17,130,300,H
2013,2023/6/5,17:57,-128,42,L
2014,2023/6/6,00:22,162,332,H
2015,2023/6/6,06:36,-42,128,L
2016,2023/6/6,11:59,128,298,H
2017,2023/6/6,18:41,-129,41,L
2018,2023/6/7,01:08,158,328,H
2019,2023/6/7,07:20,-39,131,L
2020,2023/6/7,12:46,125,295,H
2021,2023/6/7,19:29,-126,44,L
2022,2023/6/8,01:57,153,323,H
2023,2023/6/8,08:10,-39,132,L
2024,2023/6/8,13:40,120,290,H
2025,2023/6/8,20:21,-120,51,L
2026,2023/6/9,02:51,147,317,H
2027,2023/6/9,09:06,-42,129,L
2028,2023/6/9,14:43,114,284,H
2029,2023/6/9,21:20,-110,61,L
2030,2023/6/10,03:49,142,312,H
2031,2023/6/10,10:10,-49,122,L
2032,2023/6/10,15:53,111,281,H
2033,2023/6/10,22:24,-98,73,L
2034,2023/6/11,04:51,138,308,H
2035,2023/6/11,11:17,-60,110,L
2036,2023/6/11,17:08,112,282,H
2037,2023/6/11,23:33,-86,84,L
2038,2023/6/12,05:53,136,306,H
2039,2023/6/12,12:24,-74,96,L
2040,2023/6/12,18:23,118,289,H
2041,2023/6/13,00:43,-76,95,L
2042,2023/6/13,06:53,135,305,H
2043,2023/6/13,13:27,-89,81,L
2044,2023/6/13,19:35,129,299,H
2045,2023/6/14,01:51,-68,103,L
2046,2023/6/14,07:50,134,304,H
2047,2023/6/14,14:26,-102,68,L
2048,2023/6/14,20:39,140,310,H
2049,2023/6/15,02:55,-62,109,L
2050,2023/6/15,08:42,131,301,H
2051,2023/6/15,15:19,-111,59,L
2052,2023/6/15,21:35,149,319,H
2053,2023/6/16,03:51,-56,114,L
2054,2023/6/16,09:29,128,298,H
2055,2023/6/16,16:07,-116,54,L
2056,2023/6/16,22:24,153,324,H
2057,2023/6/17,04:40,-51,119,L
2058,2023/6/17,10:11,124,294,H
2059,2023/6/17,16:51,-118,52,L
2060,2023/6/17,23:08,154,325,H
2061,2023/6/18,05:21,-46,124,L
2062,2023/6/18,10:49,121,291,H
2063,2023/6/18,17:29,-118,53,L
2064,2023/6/18,23:47,153,323,H
2065,2023/6/19,05:57,-43,128,L
2066,2023/6/19,11:25,118,288,H
2067,2023/6/19,18:04,-116,54,L
2068,2023/6/20,00:23,149,320,H
2069,2023/6/20,06:30,-41,130,L
2070,2023/6/20,12:00,115,286,H
2071,2023/6/20,18:37,-114,56,L
2072,2023/6/21,00:59,145,315,H
2073,2023/6/21,07:01,-40,130,L
2074,2023/6/21,12:36,113,283,H
2075,2023/6/21,19:10,-110,60,L
2076,2023/6/22,01:34,140,310,H
2077,2023/6/22,07:35,-41,129,L
2078,2023/6/22,13:13,109,280,H
2079,2023/6/22,19:45,-105,65,L
2080,2023/6/23,02:11,135,305,H
2081,2023/6/23,08:12,-42,128,L
2082,2023/6/23,13:54,105,275,H
2083,2023/6/23,20:22,-97,73,L
2084,2023/6/24,02:50,129,299,H
2085,2023/6/24,08:54,-44,126,L
2086,2023/6/24,14:40,100,270,H
2087,2023/6/24,21:04,-86,84,L
2088,2023/6/25,03:31,123,294,H
2089,2023/6/25,09:40,-46,124,L
2090,2023/6/25,15:32,95,265,H
2091,2023/6/25,21:52,-74,96,L
2092,2023/6/26,04:17,118,288,H
2093,2023/6/26,10:31,-50,120,L
2094,2023/6/26,16:32,92,263,H
2095,2023/6/26,22:47,-62,109,L
2096,2023/6/27,05:08,114,285,H
2097,2023/6/27,11:27,-57,113,L
2098,2023/6/27,17:37,95,265,H
2099,2023/6/27,23:49,-51,120,L
2100,2023/6/28,06:02,112,283,H
2101,2023/6/28,12:26,-66,104,L
2102,2023/6/28,18:46,103,273,H
2103,2023/6/29,00:56,-43,127,L
2104,2023/6/29,06:57,113,283,H
2105,2023/6/29,13:25,-78,92,L
2106,2023/6/29,19:53,117,287,H
2107,2023/6/30,02:03,-39,131,L
2108,2023/6/30,07:50,115,285,H
2109,2023/6/30,14:22,-91,79,L
2110,2023/6/30,20:54,133,303,H
2111,2023/7/1,03:06,-39,132,L
2112,2023/7/1,08:42,119,289,H
2113,2023/7/1,15:17,-104,66,L
2114,2023/7/1,21:49,148,318,H
2115,2023/7/2,04:03,-39,131,L
2116,2023/7/2,09:31,124,294,H
2117,2023/7/2,16:10,-116,54,L
2118,2023/7/2,22:40,160,330,H
2119,2023/7/3,04:54,-39,131,L
2120,2023/7/3,10:19,130,300,H
2121,2023/7/3,17:00,-125,45,L
2122,2023/7/3,23:27,167,337,H
2123,2023/7/4,05:42,-41,130,L
2124,2023/7/4,11:06,135,306,H
2125,2023/7/4,17:49,-131,39,L
2126,2023/7/5,00:12,170,340,H
2127,2023/7/5,06:27,-43,127,L
2128,2023/7/5,11:53,140,310,H
2129,2023/7/5,18:37,-133,37,L
2130,2023/7/6,00:57,170,340,H
2131,2023/7/6,07:13,-49,122,L
2132,2023/7/6,12:43,142,312,H
2133,2023/7/6,19:26,-131,40,L
2134,2023/7/7,01:43,167,337,H
2135,2023/7/7,08:01,-56,114,L
2136,2023/7/7,13:36,141,311,H
2137,2023/7/7,20:15,-123,48,L
2138,2023/7/8,02:30,162,332,H
2139,2023/7/8,08:51,-64,106,L
2140,2023/7/8,14:34,137,308,H
2141,2023/7/8,21:06,-109,61,L
2142,2023/7/9,03:20,155,325,H
2143,2023/7/9,09:45,-73,97,L
2144,2023/7/9,15:36,131,302,H
2145,2023/7/9,22:02,-92,79,L
2146,2023/7/10,04:14,146,316,H
2147,2023/7/10,10:43,-80,90,L
2148,2023/7/10,16:45,126,296,H
2149,2023/7/10,23:04,-72,98,L
2150,2023/7/11,05:11,136,306,H
2151,2023/7/11,11:46,-87,84,L
2152,2023/7/11,17:58,123,293,H
2153,2023/7/12,00:12,-55,115,L
2154,2023/7/12,06:12,126,296,H
2155,2023/7/12,12:52,-93,78,L
2156,2023/7/12,19:13,126,296,H
2157,2023/7/13,01:25,-43,127,L
2158,2023/7/13,07:14,118,288,H
2159,2023/7/13,13:56,-98,72,L
2160,2023/7/13,20:24,132,302,H
2161,2023/7/14,02:35,-37,133,L
2162,2023/7/14,08:14,114,284,H
2163,2023/7/14,14:55,-103,67,L
2164,2023/7/14,21:25,140,310,H
2165,2023/7/15,03:35,-36,134,L
2166,2023/7/15,09:08,112,283,H
2167,2023/7/15,15:47,-107,63,L
2168,2023/7/15,22:16,145,316,H
2169,2023/7/16,04:26,-36,134,L
2170,2023/7/16,09:55,113,283,H
2171,2023/7/16,16:33,-110,61,L
2172,2023/7/16,22:58,149,319,H
2173,2023/7/17,05:08,-37,133,L
2174,2023/7/17,10:36,115,285,H
2175,2023/7/17,17:14,-111,59,L
2176,2023/7/17,23:34,150,320,H
2177,2023/7/18,05:42,-39,131,L
2178,2023/7/18,11:12,118,288,H
2179,2023/7/18,17:49,-111,59,L
2180,2023/7/19,00:07,149,319,H
2181,2023/7/19,06:13,-42,128,L
2182,2023/7/19,11:45,121,291,H
2183,2023/7/19,18:21,-111,59,L
2184,2023/7/20,00:37,148,318,H
2185,2023/7/20,06:42,-46,124,L
2186,2023/7/20,12:19,123,293,H
2187,2023/7/20,18:51,-109,61,L
2188,2023/7/21,01:07,146,316,H
2189,2023/7/21,07:11,-52,119,L
2190,2023/7/21,12:52,123,293,H
2191,2023/7/21,19:21,-105,65,L
2192,2023/7/22,01:37,143,313,H
2193,2023/7/22,07:43,-57,113,L
2194,2023/7/22,13:29,121,291,H
2195,2023/7/22,19:54,-98,72,L
2196,2023/7/23,02:09,139,309,H
2197,2023/7/23,08:18,-62,108,L
2198,2023/7/23,14:08,118,288,H
2199,2023/7/23,20:29,-89,82,L
2200,2023/7/24,02:44,133,303,H
2201,2023/7/24,08:56,-67,104,L
2202,2023/7/24,14:54,113,283,H
2203,2023/7/24,21:09,-76,95,L
2204,2023/7/25,03:23,126,297,H
2205,2023/7/25,09:39,-70,100,L
2206,2023/7/25,15:46,108,278,H
2207,2023/7/25,21:57,-60,111,L
2208,2023/7/26,04:08,118,288,H
2209,2023/7/26,10:29,-73,97,L
2210,2023/7/26,16:49,104,274,H
2211,2023/7/26,22:56,-43,127,L
2212,2023/7/27,05:02,110,280,H
2213,2023/7/27,11:27,-76,94,L
2214,2023/7/27,18:01,105,276,H
2215,2023/7/28,00:08,-30,140,L
2216,2023/7/28,06:03,104,274,H
2217,2023/7/28,12:34,-82,88,L
2218,2023/7/28,19:18,114,284,H
2219,2023/7/29,01:26,-24,146,L
2220,2023/7/29,07:08,104,274,H
2221,2023/7/29,13:44,-92,78,L
2222,2023/7/29,20:30,128,299,H
2223,2023/7/30,02:40,-26,144,L
2224,2023/7/30,08:12,109,280,H
2225,2023/7/30,14:50,-105,66,L
2226,2023/7/30,21:32,145,316,H
2227,2023/7/31,03:43,-32,138,L
2228,2023/7/31,09:12,120,290,H
2229,2023/7/31,15:52,-118,52,L
2230,2023/7/31,22:25,160,330,H
2231,2023/8/1,04:38,-40,130,L
2232,2023/8/1,10:06,134,304,H
2233,2023/8/1,16:48,-129,41,L
2234,2023/8/1,23:12,171,341,H
2235,2023/8/2,05:28,-50,121,L
2236,2023/8/2,10:57,147,317,H
2237,2023/8/2,17:39,-136,34,L
2238,2023/8/2,23:55,177,347,H
2239,2023/8/3,06:13,-60,110,L
2240,2023/8/3,11:45,157,328,H
2241,2023/8/3,18:26,-138,32,L
2242,2023/8/4,00:36,179,349,H
2243,2023/8/4,06:56,-72,98,L
2244,2023/8/4,12:33,162,333,H
2245,2023/8/4,19:11,-133,38,L
2246,2023/8/5,01:17,176,346,H
2247,2023/8/5,07:40,-83,87,L
2248,2023/8/5,13:22,161,332,H
2249,2023/8/5,19:56,-120,50,L
2250,2023/8/6,01:59,169,339,H
2251,2023/8/6,08:24,-92,79,L
2252,2023/8/6,14:15,154,324,H
2253,2023/8/6,20:42,-102,68,L
2254,2023/8/7,02:43,158,328,H
2255,2023/8/7,09:12,-96,74,L
2256,2023/8/7,15:12,142,313,H
2257,2023/8/7,21:32,-80,91,L
2258,2023/8/8,03:32,142,312,H
2259,2023/8/8,10:05,-96,74,L
2260,2023/8/8,16:15,129,299,H
2261,2023/8/8,22:29,-56,115,L
2262,2023/8/9,04:27,125,295,H
2263,2023/8/9,11:05,-93,78,L
2264,2023/8/9,17:29,118,288,H
2265,2023/8/9,23:38,-35,135,L
2266,2023/8/10,05:29,109,279,H
2267,2023/8/10,12:14,-90,81,L
2268,2023/8/10,18:50,115,285,H
2269,2023/8/11,00:58,-24,147,L
2270,2023/8/11,06:40,98,268,H
2271,2023/8/11,13:25,-90,81,L
2272,2023/8/11,20:09,120,290,H
2273,2023/8/12,02:16,-22,148,L
2274,2023/8/12,07:50,95,266,H
2275,2023/8/12,14:30,-93,77,L
2276,2023/8/12,21:12,128,299,H
2277,2023/8/13,03:20,-28,143,L
2278,2023/8/13,08:51,99,269,H
2279,2023/8/13,15:27,-99,72,L
2280,2023/8/13,22:01,137,307,H
2281,2023/8/14,04:10,-34,136,L
2282,2023/8/14,09:41,107,277,H
2283,2023/8/14,16:15,-104,66,L
2284,2023/8/14,22:41,143,313,H
2285,2023/8/15,04:49,-41,129,L
2286,2023/8/15,10:22,115,285,H
2287,2023/8/15,16:55,-107,63,L
2288,2023/8/15,23:13,146,317,H
2289,2023/8/16,05:22,-48,123,L
2290,2023/8/16,10:56,122,293,H
2291,2023/8/16,17:29,-110,61,L
2292,2023/8/16,23:42,148,318,H
2293,2023/8/17,05:51,-55,116,L
2294,2023/8/17,11:28,129,299,H
2295,2023/8/17,18:00,-110,60,L
2296,2023/8/18,00:08,148,318,H
2297,2023/8/18,06:17,-62,108,L
2298,2023/8/18,11:59,133,303,H
2299,2023/8/18,18:28,-108,62,L
2300,2023/8/19,00:34,147,317,H
2301,2023/8/19,06:44,-70,100,L
2302,2023/8/19,12:30,135,305,H
2303,2023/8/19,18:56,-104,67,L
2304,2023/8/20,01:00,145,315,H
2305,2023/8/20,07:11,-78,93,L
2306,2023/8/20,13:03,135,305,H
2307,2023/8/20,19:24,-96,74,L
2308,2023/8/21,01:27,141,312,H
2309,2023/8/21,07:41,-84,86,L
2310,2023/8/21,13:39,131,301,H
2311,2023/8/21,19:56,-86,84,L
2312,2023/8/22,01:58,135,306,H
2313,2023/8/22,08:15,-89,81,L
2314,2023/8/22,14:20,125,296,H
2315,2023/8/22,20:32,-72,98,L
2316,2023/8/23,02:33,126,296,H
2317,2023/8/23,08:54,-91,79,L
2318,2023/8/23,15:10,117,288,H
2319,2023/8/23,21:17,-55,116,L
2320,2023/8/24,03:16,114,285,H
2321,2023/8/24,09:41,-90,81,L
2322,2023/8/24,16:11,109,279,H
2323,2023/8/24,22:15,-36,134,L
2324,2023/8/25,04:10,101,271,H
2325,2023/8/25,10:40,-87,83,L
2326,2023/8/25,17:27,104,274,H
2327,2023/8/25,23:32,-21,149,L
2328,2023/8/26,05:20,91,262,H
2329,2023/8/26,11:55,-86,84,L
2330,2023/8/26,18:53,109,279,H
2331,2023/8/27,01:01,-17,153,L
2332,2023/8/27,06:40,91,261,H
2333,2023/8/27,13:18,-93,77,L
2334,2023/8/27,20:12,124,294,H
2335,2023/8/28,02:23,-25,145,L
2336,2023/8/28,07:55,102,272,H
2337,2023/8/28,14:33,-107,64,L
2338,2023/8/28,21:16,143,313,H
2339,2023/8/29,03:28,-40,131,L
2340,2023/8/29,09:00,121,291,H
2341,2023/8/29,15:38,-122,49,L
2342,2023/8/29,22:07,160,330,H
2343,2023/8/30,04:22,-56,114,L
2344,2023/8/30,09:56,142,312,H
2345,2023/8/30,16:34,-133,37,L
2346,2023/8/30,22:51,172,342,H
2347,2023/8/31,05:09,-72,98,L
2348,2023/8/31,10:46,160,330,H
2349,2023/8/31,17:24,-138,32,L
2350,2023/8/31,23:30,178,348,H
2351,2023/9/1,05:52,-88,82,L
2352,2023/9/1,11:32,172,342,H
2353,2023/9/1,18:08,-136,34,L
2354,2023/9/2,00:08,179,349,H
2355,2023/9/2,06:32,-102,69,L
2356,2023/9/2,12:18,176,346,H
2357,2023/9/2,18:50,-126,44,L
2358,2023/9/3,00:45,174,344,H
2359,2023/9/3,07:12,-112,59,L
2360,2023/9/3,13:04,172,342,H
2361,2023/9/3,19:31,-110,60,L
2362,2023/9/4,01:24,164,334,H
2363,2023/9/4,07:53,-116,54,L
2364,2023/9/4,13:52,160,330,H
2365,2023/9/4,20:13,-90,81,L
2366,2023/9/5,02:04,148,318,H
2367,2023/9/5,08:37,-114,56,L
2368,2023/9/5,14:45,143,314,H
2369,2023/9/5,20:59,-66,104,L
2370,2023/9/6,02:49,128,299,H
2371,2023/9/6,09:25,-107,64,L
2372,2023/9/6,15:44,124,295,H
2373,2023/9/6,21:53,-43,128,L
2374,2023/9/7,03:42,107,277,H
2375,2023/9/7,10:23,-95,75,L
2376,2023/9/7,16:56,109,279,H
2377,2023/9/7,23:02,-23,147,L
2378,2023/9/8,04:47,88,258,H
2379,2023/9/8,11:34,-85,86,L
2380,2023/9/8,18:22,102,272,H
2381,2023/9/9,00:30,-15,155,L
2382,2023/9/9,06:06,78,248,H
2383,2023/9/9,12:52,-81,89,L
2384,2023/9/9,19:45,106,276,H
2385,2023/9/10,01:54,-20,151,L
2386,2023/9/10,07:26,79,249,H
2387,2023/9/10,14:02,-85,86,L
2388,2023/9/10,20:48,116,286,H
2389,2023/9/11,02:58,-31,139,L
2390,2023/9/11,08:32,89,259,H
2391,2023/9/11,15:01,-92,79,L
2392,2023/9/11,21:35,126,297,H
2393,2023/9/12,03:45,-43,127,L
2394,2023/9/12,09:22,102,273,H
2395,2023/9/12,15:49,-99,71,L
2396,2023/9/12,22:12,134,305,H
2397,2023/9/13,04:22,-55,116,L
2398,2023/9/13,10:02,116,286,H
2399,2023/9/13,16:30,-104,66,L
2400,2023/9/13,22:42,140,310,H
2401,2023/9/14,04:54,-65,105,L
2402,2023/9/14,10:36,127,297,H
2403,2023/9/14,17:04,-107,63,L
2404,2023/9/14,23:09,142,313,H
2405,2023/9/15,05:22,-75,95,L
2406,2023/9/15,11:07,136,306,H
2407,2023/9/15,17:35,-107,63,L
2408,2023/9/15,23:34,143,314,H
2409,2023/9/16,05:49,-84,86,L
2410,2023/9/16,11:38,141,311,H
2411,2023/9/16,18:04,-104,67,L
2412,2023/9/16,23:58,143,313,H
2413,2023/9/17,06:14,-93,78,L
2414,2023/9/17,12:08,143,314,H
2415,2023/9/17,18:31,-98,72,L
2416,2023/9/18,00:22,140,310,H
2417,2023/9/18,06:40,-100,70,L
2418,2023/9/18,12:40,143,313,H
2419,2023/9/18,18:59,-89,81,L
2420,2023/9/19,00:48,136,306,H
2421,2023/9/19,07:08,-107,64,L
2422,2023/9/19,13:15,139,309,H
2423,2023/9/19,19:29,-78,92,L
2424,2023/9/20,01:17,128,298,H
2425,2023/9/20,07:40,-110,61,L
2426,2023/9/20,13:56,131,301,H
2427,2023/9/20,20:05,-64,106,L
2428,2023/9/21,01:52,117,288,H
2429,2023/9/21,08:18,-109,62,L
2430,2023/9/21,14:45,121,291,H
2431,2023/9/21,20:49,-48,123,L
2432,2023/9/22,02:35,103,273,H
2433,2023/9/22,09:06,-103,67,L
2434,2023/9/22,15:47,109,279,H
2435,2023/9/22,21:50,-31,140,L
2436,2023/9/23,03:34,88,258,H
2437,2023/9/23,10:09,-95,75,L
2438,2023/9/23,17:06,101,271,H
2439,2023/9/23,23:13,-20,151,L
2440,2023/9/24,04:55,78,248,H
2441,2023/9/24,11:33,-91,80,L
2442,2023/9/24,18:35,105,276,H
2443,2023/9/25,00:49,-23,147,L
2444,2023/9/25,06:26,82,252,H
2445,2023/9/25,13:03,-97,73,L
2446,2023/9/25,19:53,121,291,H
2447,2023/9/26,02:09,-40,131,L
2448,2023/9/26,07:45,100,270,H
2449,2023/9/26,14:19,-110,60,L
2450,2023/9/26,20:53,140,310,H
2451,2023/9/27,03:10,-61,109,L
2452,2023/9/27,08:50,125,295,H
2453,2023/9/27,15:23,-123,47,L
2454,2023/9/27,21:42,156,326,H
2455,2023/9/28,04:01,-83,87,L
2456,2023/9/28,09:45,149,319,H
2457,2023/9/28,16:17,-131,39,L
2458,2023/9/28,22:23,166,336,H
2459,2023/9/29,04:46,-102,68,L
2460,2023/9/29,10:33,167,337,H
2461,2023/9/29,17:05,-131,39,L
2462,2023/9/29,23:02,170,340,H
2463,2023/9/30,05:27,-118,52,L
2464,2023/9/30,11:18,177,347,H
2465,2023/9/30,17:48,-125,45,L
2466,2023/9/30,23:38,167,338,H
2467,2023/10/1,06:06,-129,41,L
2468,2023/10/1,12:02,178,348,H
2469,2023/10/1,18:28,-112,58,L
2470,2023/10/2,00:13,160,330,H
2471,2023/10/2,06:44,-135,36,L
2472,2023/10/2,12:45,170,340,H
2473,2023/10/2,19:07,-96,74,L
2474,2023/10/3,00:50,147,317,H
2475,2023/10/3,07:23,-134,37,L
2476,2023/10/3,13:31,156,326,H
2477,2023/10/3,19:46,-77,93,L
2478,2023/10/4,01:28,130,301,H
2479,2023/10/4,08:03,-126,44,L
2480,2023/10/4,14:20,138,308,H
2481,2023/10/4,20:29,-57,113,L
2482,2023/10/5,02:11,111,281,H
2483,2023/10/5,08:48,-114,57,L
2484,2023/10/5,15:15,118,289,H
2485,2023/10/5,21:20,-39,132,L
2486,2023/10/6,03:02,90,260,H
2487,2023/10/6,09:42,-98,72,L
2488,2023/10/6,16:22,101,272,H
2489,2023/10/6,22:26,-24,146,L
2490,2023/10/7,04:07,72,242,H
2491,2023/10/7,10:51,-84,86,L
2492,2023/10/7,17:42,92,263,H
2493,2023/10/7,23:53,-19,151,L
2494,2023/10/8,05:30,63,233,H
2495,2023/10/8,12:10,-77,93,L
2496,2023/10/8,19:03,94,264,H
2497,2023/10/9,01:18,-27,143,L
2498,2023/10/9,06:54,66,237,H
2499,2023/10/9,13:23,-79,92,L
2500,2023/10/9,20:06,103,273,H
2501,2023/10/10,02:21,-41,129,L
2502,2023/10/10,08:03,80,250,H
2503,2023/10/10,14:25,-85,85,L
2504,2023/10/10,20:54,112,283,H
2505,2023/10/11,03:07,-57,113,L
2506,2023/10/11,08:55,96,267,H
2507,2023/10/11,15:15,-92,78,L
2508,2023/10/11,21:31,121,292,H
2509,2023/10/12,03:46,-72,98,L
2510,2023/10/12,09:36,113,283,H
2511,2023/10/12,15:57,-98,73,L
2512,2023/10/12,22:03,128,298,H
2513,2023/10/13,04:19,-85,85,L
2514,2023/10/13,10:12,127,297,H
2515,2023/10/13,16:35,-100,70,L
2516,2023/10/13,22:30,132,302,H
2517,2023/10/14,04:50,-97,73,L
2518,2023/10/14,10:45,137,308,H
2519,2023/10/14,17:08,-99,71,L
2520,2023/10/14,22:57,134,304,H
2521,2023/10/15,05:18,-108,63,L
2522,2023/10/15,11:17,144,314,H
2523,2023/10/15,17:40,-95,75,L
2524,2023/10/15,23:22,133,303,H
2525,2023/10/16,05:46,-116,54,L
2526,2023/10/16,11:50,147,317,H
2527,2023/10/16,18:10,-88,82,L
2528,2023/10/16,23:49,129,299,H
2529,2023/10/17,06:13,-122,48,L
2530,2023/10/17,12:23,145,316,H
2531,2023/10/17,18:40,-79,91,L
2532,2023/10/18,00:16,124,294,H
2533,2023/10/18,06:43,-126,44,L
2534,2023/10/18,13:00,140,310,H
2535,2023/10/18,19:12,-68,102,L
2536,2023/10/19,00:47,115,286,H
2537,2023/10/19,07:16,-126,44,L
2538,2023/10/19,13:42,131,301,H
2539,2023/10/19,19:50,-56,114,L
2540,2023/10/20,01:25,104,274,H
2541,2023/10/20,07:57,-122,48,L
2542,2023/10/20,14:33,120,290,H
2543,2023/10/20,20:38,-43,127,L
2544,2023/10/21,02:14,91,261,H
2545,2023/10/21,08:48,-113,57,L
2546,2023/10/21,15:37,108,278,H
2547,2023/10/21,21:42,-33,137,L
2548,2023/10/22,03:21,77,248,H
2549,2023/10/22,09:57,-103,67,L
2550,2023/10/22,16:54,102,273,H
2551,2023/10/22,23:08,-31,139,L
2552,2023/10/23,04:49,72,242,H
2553,2023/10/23,11:24,-98,72,L
2554,2023/10/23,18:15,107,277,H
2555,2023/10/24,00:37,-43,127,L
2556,2023/10/24,06:18,82,252,H
2557,2023/10/24,12:49,-102,68,L
2558,2023/10/24,19:26,120,290,H
2559,2023/10/25,01:49,-65,105,L
2560,2023/10/25,07:34,103,273,H
2561,2023/10/25,14:02,-110,60,L
2562,2023/10/25,20:23,134,304,H
2563,2023/10/26,02:47,-89,81,L
2564,2023/10/26,08:38,128,298,H
2565,2023/10/26,15:04,-117,53,L
2566,2023/10/26,21:12,146,316,H
2567,2023/10/27,03:37,-112,58,L
2568,2023/10/27,09:32,149,320,H
2569,2023/10/27,15:58,-120,51,L
2570,2023/10/27,21:54,152,322,H
2571,2023/10/28,04:22,-130,40,L
2572,2023/10/28,10:21,164,334,H
2573,2023/10/28,16:46,-116,55,L
2574,2023/10/28,22:33,152,322,H
2575,2023/10/29,05:04,-142,28,L
2576,2023/10/29,11:05,170,341,H
2577,2023/10/29,17:30,-107,63,L
2578,2023/10/29,23:10,147,317,H
2579,2023/10/30,05:43,-148,22,L
2580,2023/10/30,11:48,168,339,H
2581,2023/10/30,18:09,-95,75,L
2582,2023/10/30,23:46,138,308,H
2583,2023/10/31,06:21,-148,22,L
2584,2023/10/31,12:31,160,330,H
2585,2023/10/31,18:47,-82,88,L
2586,2023/11/1,00:22,126,296,H
2587,2023/11/1,06:57,-144,27,L
2588,2023/11/1,13:14,147,317,H
2589,2023/11/1,19:24,-69,102,L
2590,2023/11/2,01:00,112,282,H
2591,2023/11/2,07:36,-134,36,L
2592,2023/11/2,13:59,131,302,H
2593,2023/11/2,20:05,-56,115,L
2594,2023/11/3,01:42,96,266,H
2595,2023/11/3,08:18,-122,49,L
2596,2023/11/3,14:49,115,285,H
2597,2023/11/3,20:52,-44,126,L
2598,2023/11/4,02:31,79,250,H
2599,2023/11/4,09:07,-106,64,L
2600,2023/11/4,15:46,101,271,H
2601,2023/11/4,21:50,-36,135,L
2602,2023/11/5,03:32,65,235,H
2603,2023/11/5,10:07,-91,79,L
2604,2023/11/5,16:52,91,261,H
2605,2023/11/5,23:03,-33,137,L
2606,2023/11/6,04:46,57,227,H
2607,2023/11/6,11:17,-80,90,L
2608,2023/11/6,18:01,88,258,H
2609,2023/11/7,00:21,-40,130,L
2610,2023/11/7,06:06,58,228,H
2611,2023/11/7,12:29,-76,94,L
2612,2023/11/7,19:04,91,261,H
2613,2023/11/8,01:26,-53,117,L
2614,2023/11/8,07:17,69,240,H
2615,2023/11/8,13:34,-77,93,L
2616,2023/11/8,19:57,98,268,H
2617,2023/11/9,02:18,-70,101,L
2618,2023/11/9,08:16,86,256,H
2619,2023/11/9,14:30,-82,89,L
2620,2023/11/9,20:39,106,276,H
2621,2023/11/10,03:01,-87,84,L
2622,2023/11/10,09:03,104,274,H
2623,2023/11/10,15:18,-86,84,L
2624,2023/11/10,21:15,113,283,H
2625,2023/11/11,03:40,-102,68,L
2626,2023/11/11,09:45,120,290,H
2627,2023/11/11,16:01,-88,82,L
2628,2023/11/11,21:48,118,288,H
2629,2023/11/12,04:15,-116,54,L
2630,2023/11/12,10:22,133,304,H
2631,2023/11/12,16:41,-88,82,L
2632,2023/11/12,22:20,120,290,H
2633,2023/11/13,04:49,-127,43,L
2634,2023/11/13,10:59,142,312,H
2635,2023/11/13,17:17,-84,86,L
2636,2023/11/13,22:50,120,290,H
2637,2023/11/14,05:22,-135,35,L
2638,2023/11/14,11:35,146,316,H
2639,2023/11/14,17:53,-78,92,L
2640,2023/11/14,23:22,117,287,H
2641,2023/11/15,05:54,-140,31,L
2642,2023/11/15,12:13,145,315,H
2643,2023/11/15,18:27,-70,100,L
2644,2023/11/15,23:54,113,283,H
2645,2023/11/16,06:28,-142,29,L
2646,2023/11/16,12:53,140,310,H
2647,2023/11/16,19:04,-62,108,L
2648,2023/11/17,00:31,106,276,H
2649,2023/11/17,07:07,-140,30,L
2650,2023/11/17,13:38,132,302,H
2651,2023/11/17,19:46,-55,115,L
2652,2023/11/18,01:15,98,268,H
2653,2023/11/18,07:52,-134,36,L
2654,2023/11/18,14:30,123,293,H
2655,2023/11/18,20:37,-49,121,L
2656,2023/11/19,02:11,88,258,H
2657,2023/11/19,08:47,-125,45,L
2658,2023/11/19,15:30,114,285,H
2659,2023/11/19,21:41,-48,122,L
2660,2023/11/20,03:21,80,250,H
2661,2023/11/20,09:54,-115,56,L
2662,2023/11/20,16:37,111,281,H
2663,2023/11/20,22:57,-55,116,L
2664,2023/11/21,04:41,79,249,H
2665,2023/11/21,11:11,-107,63,L
2666,2023/11/21,17:46,112,282,H
2667,2023/11/22,00:12,-70,100,L
2668,2023/11/22,06:03,88,258,H
2669,2023/11/22,12:27,-104,67,L
2670,2023/11/22,18:51,118,288,H
2671,2023/11/23,01:20,-92,79,L
2672,2023/11/23,07:17,105,275,H
2673,2023/11/23,13:38,-103,67,L
2674,2023/11/23,19:49,125,295,H
2675,2023/11/24,02:19,-114,57,L
2676,2023/11/24,08:23,124,294,H
2677,2023/11/24,14:42,-102,68,L
2678,2023/11/24,20:40,130,300,H
2679,2023/11/25,03:12,-132,38,L
2680,2023/11/25,09:20,141,311,H
2681,2023/11/25,15:40,-100,70,L
2682,2023/11/25,21:26,131,301,H
2683,2023/11/26,04:01,-146,25,L
2684,2023/11/26,10:10,152,322,H
2685,2023/11/26,16:30,-95,75,L
2686,2023/11/26,22:08,129,299,H
2687,2023/11/27,04:45,-153,17,L
2688,2023/11/27,10:56,155,326,H
2689,2023/11/27,17:15,-88,82,L
2690,2023/11/27,22:47,124,294,H
2691,2023/11/28,05:26,-155,15,L
2692,2023/11/28,11:39,153,323,H
2693,2023/11/28,17:54,-80,90,L
2694,2023/11/28,23:25,117,287,H
2695,2023/11/29,06:04,-153,17,L
2696,2023/11/29,12:20,147,317,H
2697,2023/11/29,18:31,-73,98,L
2698,2023/11/30,00:02,110,280,H
2699,2023/11/30,06:40,-148,22,L
2700,2023/11/30,13:00,138,308,H
2701,2023/11/30,19:07,-66,104,L
2702,2023/12/1,00:40,101,271,H
2703,2023/12/1,07:16,-141,29,L
2704,2023/12/1,13:41,128,298,H
2705,2023/12/1,19:44,-61,109,L
2706,2023/12/2,01:20,91,261,H
2707,2023/12/2,07:54,-131,39,L
2708,2023/12/2,14:24,117,287,H
2709,2023/12/2,20:26,-57,114,L
2710,2023/12/3,02:05,80,250,H
2711,2023/12/3,08:37,-119,52,L
2712,2023/12/3,15:10,106,276,H
2713,2023/12/3,21:14,-54,117,L
2714,2023/12/4,02:57,70,240,H
2715,2023/12/4,09:25,-105,66,L
2716,2023/12/4,16:00,96,267,H
2717,2023/12/4,22:09,-53,117,L
2718,2023/12/5,03:58,61,231,H
2719,2023/12/5,10:21,-91,80,L
2720,2023/12/5,16:55,90,260,H
2721,2023/12/5,23:12,-57,113,L
2722,2023/12/6,05:06,58,228,H
2723,2023/12/6,11:24,-79,91,L
2724,2023/12/6,17:51,87,257,H
2725,2023/12/7,00:16,-66,105,L
2726,2023/12/7,06:17,62,233,H
2727,2023/12/7,12:30,-72,98,L
2728,2023/12/7,18:46,88,258,H
2729,2023/12/8,01:15,-79,91,L
2730,2023/12/8,07:24,74,244,H
2731,2023/12/8,13:34,-70,101,L
2732,2023/12/8,19:37,92,262,H
2733,2023/12/9,02:09,-95,76,L
2734,2023/12/9,08:23,91,261,H
2735,2023/12/9,14:33,-71,100,L
2736,2023/12/9,20:24,97,268,H
2737,2023/12/10,02:56,-111,60,L
2738,2023/12/10,09:15,109,279,H
2739,2023/12/10,15:26,-73,98,L
2740,2023/12/10,21:06,103,273,H
2741,2023/12/11,03:40,-125,45,L
2742,2023/12/11,10:00,124,295,H
2743,2023/12/11,16:14,-74,97,L
2744,2023/12/11,21:46,107,277,H
2745,2023/12/12,04:22,-138,33,L
2746,2023/12/12,10:43,136,306,H
2747,2023/12/12,16:57,-73,97,L
2748,2023/12/12,22:24,109,280,H
2749,2023/12/13,05:02,-147,23,L
2750,2023/12/13,11:25,143,313,H
2751,2023/12/13,17:38,-70,100,L
2752,2023/12/13,23:03,111,281,H
2753,2023/12/14,05:42,-153,18,L
2754,2023/12/14,12:06,145,315,H
2755,2023/12/14,18:18,-68,103,L
2756,2023/12/14,23:43,111,281,H
2757,2023/12/15,06:23,-155,15,L
2758,2023/12/15,12:48,143,313,H
2759,2023/12/15,18:59,-66,105,L
2760,2023/12/16,00:26,110,280,H
2761,2023/12/16,07:06,-154,16,L
2762,2023/12/16,13:32,139,309,H
2763,2023/12/16,19:43,-66,105,L
2764,2023/12/17,01:14,106,277,H
2765,2023/12/17,07:52,-148,22,L
2766,2023/12/17,14:20,133,303,H
2767,2023/12/17,20:33,-68,102,L
2768,2023/12/18,02:09,101,272,H
2769,2023/12/18,08:44,-139,31,L
2770,2023/12/18,15:12,127,297,H
2771,2023/12/18,21:29,-74,96,L
2772,2023/12/19,03:13,96,266,H
2773,2023/12/19,09:42,-126,45,L
2774,2023/12/19,16:08,121,292,H
2775,2023/12/19,22:32,-83,87,L
2776,2023/12/20,04:24,93,263,H
2777,2023/12/20,10:47,-111,60,L
2778,2023/12/20,17:08,117,287,H
2779,2023/12/20,23:38,-96,74,L
2780,2023/12/21,05:39,94,264,H
2781,2023/12/21,11:57,-97,74,L
2782,2023/12/21,18:10,113,283,H
2783,2023/12/22,00:46,-110,60,L
2784,2023/12/22,06:55,102,272,H
2785,2023/12/22,13:10,-86,84,L
2786,2023/12/22,19:11,111,281,H
2787,2023/12/23,01:50,-125,45,L
2788,2023/12/23,08:07,113,283,H
2789,2023/12/23,14:20,-80,90,L
2790,2023/12/23,20:09,110,280,H
2791,2023/12/24,02:49,-138,33,L
2792,2023/12/24,09:10,125,296,H
2793,2023/12/24,15:23,-77,93,L
2794,2023/12/24,21:02,109,279,H
2795,2023/12/25,03:43,-147,24,L
2796,2023/12/25,10:04,134,305,H
2797,2023/12/25,16:18,-75,95,L
2798,2023/12/25,21:50,107,277,H
2799,2023/12/26,04:31,-152,18,L
2800,2023/12/26,10:51,139,309,H
2801,2023/12/26,17:04,-73,98,L
2802,2023/12/26,22:33,106,276,H
2803,2023/12/27,05:14,-153,17,L
2804,2023/12/27,11:33,139,309,H
2805,2023/12/27,17:44,-71,100,L
2806,2023/12/27,23:12,105,275,H
2807,2023/12/28,05:52,-152,18,L
2808,2023/12/28,12:11,137,307,H
2809,2023/12/28,18:18,-69,101,L
2810,2023/12/28,23:48,103,273,H
2811,2023/12/29,06:27,-150,21,L
2812,2023/12/29,12:46,133,303,
2813,2023/12/29,18:50,-69,101,
2814,2023/12/30,00:24,101,271,
2815,2023/12/30,07:00,-145,25,
2816,2023/12/30,13:20,128,298,
2817,2023/12/30,19:23,-71,100,
2818,2023/12/31,01:01,97,268,
2819,2023/12/31,07:33,-139,31,
2820,2023/12/31,13:55,122,292,
2821,2023/12/31,19:58,-73,98,
